service_area,ldca_name,sdca_name,sdca_code,,Landline Numbering
AP,VIZAYANAGARAM,SRUNGAVARAPUKOTA (KOTHVLS),8966,,1- Special Numbers
AP,VIZAYANAGARAM,GAJAPATHINAGARAM,8965,,2- BSNL(All India Except Delhi & Mumbai) and MTNL(Delhi & Mumbai)
AP,VIZAYANAGARAM,SALURU,8964,,3- Reliance (All India)
AP,VIZAYANAGARAM,PARVATHIPURAM,8963,,4- Airtel (All India)
AP,VIZAYANAGARAM,CHEPURUPALLI (GARIVIDI),8952,,5- HFCL (Punjab) and MTS (Rajasthan)
AP,SRIKAKULAM,SOMPETA,8947,,6- Tata Indicom (All India)
AP,SRIKAKULAM,PATHAPATNAM (HIRAMANDALAM),8946,,71- Vodafone (All India)
AP,SRIKAKULAM,TEKKALI (PALASA),8945,,"791,792- Videocon (All India)"
AP,VIZAYANAGARAM,BOBBILI,8944,,793- MTS (All India)
AP,SRIKAKULAM,SRIKAKULAM,8942,,794- Aircel (All India)
AP,SRIKAKULAM,PALAKONDA (RAJAM),8941,,
AP,VISAKHAPATNAM,SILERU,8938,,
AP,VISAKHAPATNAM,CHINTAPALLE,8937,,
AP,VISAKHAPATNAM,ARAKU,8936,,
AP,VISAKHAPATNAM,PADERU,8935,,
AP,VISAKHAPATNAM,CHODAVARAM,8934,,
AP,VISAKHAPATNAM,BHEEMUNIPATNAM,8933,,
AP,VISAKHAPATNAM,NARSIPATNAM,8932,,
AP,VISAKHAPATNAM,YELAMANCHILI,8931,,
AP,VISAKHAPATNAM,ANAKAPALLE,8924,,
AP,VIZAYANAGARAM,VIZAYANAGARAM,8922,,
AP,RAJAHMUNDRI,PITHAPURAM,8869,,
AP,RAJAHMUNDRI,YELESWARAM,8868,,
AP,RAJAHMUNDRI,YELAVARAM,8865,,
AP,RAJAHMUNDRI,RAMPACHODAVARAM,8864,,
AP,RAJAHMUNDRI,CHAVITIDIBBALU,8863,,
AP,RAJAHMUNDRI,RAZOLE,8862,,
AP,RAJAHMUNDRI,RAMACHANDRAPURAM,8857,,
AP,RAJAHMUNDRI,AMALAPURAM,8856,,
AP,RAJAHMUNDRI,MANDAPETA (RAVULAPALEM),8855,,
AP,RAJAHMUNDRI,TUNI,8854,,
AP,RAJAHMUNDRI,PEDDAPURAM,8852,,
AP,ELURU,BHIMADOLE,8829,,
AP,ELURU,CHINTALAPUDI,8823,,
AP,ELURU,JANGAREDDYGUDEM,8821,,
AP,ELURU,TANUKU,8819,,
AP,ELURU,TADEPALLIGUDEM,8818,,
AP,ELURU,BHIMAVARAM,8816,,
AP,ELURU,NARSAPUR (PALAKOLE),8814,,
AP,ELURU,KOVVUR (NIDADAVOLU),8813,,
AP,ELURU,ELURU,8812,,
AP,ELURU,POLAVARAM,8811,,
AP,KHAMMAM,SATHUPALLI,8761,,
AP,ADILABAD,OUTSARANGAPALLE,8753,,
AP,ADILABAD,BHAINSA,8752,,
AP,ADILABAD,BOATH (ECHODA),8751,,
AP,KHAMMAM,MADHIRA,8749,,
AP,KHAMMAM,V.R.PURAM,8748,,
AP,KHAMMAM,NUGURU (CHERLA),8747,,
AP,KHAMMAM,BHOORAGAMPHAD (MANUGURU),8746,,
AP,KHAMMAM,YELLANDU,8745,,
AP,KHAMMAM,KOTHAGUDEM,8744,,
AP,KHAMMAM,BHADRACHALAM,8743,,
AP,KHAMMAM,KHAMMAM,8742,,
AP,KHAMMAM,SUDHIMALLA (TEKULAPALLI),8741,,
AP,KHAMMAM,ASWARAOPET,8740,,
AP,ADILABAD,JANNARAM (LUXITTIPET),8739,,
AP,ADILABAD,SIRPURKAGAZNAGAR,8738,,
AP,ADILABAD,CHINNOR,8737,,
AP,ADILABAD,MANCHERIAL,8736,,
AP,ADILABAD,BELLAMPALLI,8735,,
AP,ADILABAD,NIRMAL,8734,,
AP,ADILABAD,ASIFABAD,8733,,
AP,ADILABAD,ADILABAD,8732,,
AP,ADILABAD,UTNOR,8731,,
AP,ADILABAD,KHANAPUR (AP),8730,,
AP,KARIMNAGAR,MANTHANI,8729,,
AP,KARIMNAGAR,PEDDAPALLI,8728,,
AP,KARIMNAGAR,HUZURABAD,8727,,
AP,KARIMNAGAR,METPALLI,8725,,
AP,KARIMNAGAR,JAGTIAL,8724,,
AP,KARIMNAGAR,SIRCILLA,8723,,
AP,KARIMNAGAR,HUSNABAD,8721,,
AP,KARIMNAGAR,MAHADEVAPUR,8720,,
AP,WARANGAL,MAHABUBBAD,8719,,
AP,WARANGAL,NARASAMPET,8718,,
AP,WARANGAL,ETURNAGARAM,8717,,
AP,WARANGAL,JANGAON,8716,,
AP,WARANGAL,MULUG,8715,,
AP,WARANGAL,PARKAL,8713,,
AP,WARANGAL,WARDHANNAPET (GHANAPUR),8711,,
AP,WARANGAL,CHERIAL,8710,,
AP,NALGONDA,RAMANNAPET,8694,,
AP,NALGONDA,THUNGATURTHY,8693,,
AP,NALGONDA,NAMPALLE,8692,,
AP,NALGONDA,DEVARAKONDA,8691,,
AP,NALGONDA,MIRYALGUDA,8689,,
AP,NALGONDA,BHONGIR,8685,,
AP,NALGONDA,SURYAPET,8684,,
AP,NALGONDA,HAZURNAGAR,8683,,
AP,NALGONDA,NALGONDA,8682,,
AP,NALGONDA,CHANDOOR,8681,,
AP,NALGONDA,NIDAMANUR (HILLCOLONY),8680,,
AP,VIJAYAWADA,NANDIGAMA,8678,,
AP,VIJAYAWADA,KAIKALURU,8677,,
AP,VIJAYAWADA,VUYYURU,8676,,
AP,VIJAYAWADA,GUDIVADA,8674,,
AP,VIJAYAWADA,TIRIVURU,8673,,
AP,VIJAYAWADA,BANDAR (MACHILIPATNAM),8672,,
AP,VIJAYAWADA,DIVI (CHALLAPALLI),8671,,
AP,VIJAYAWADA,MYLAVARAM,8659,,
AP,VIJAYAWADA,NUZVIDU,8656,,
AP,VIJAYAWADA,JAGGAYYAPET,8654,,
AP,GUNTUR,PIDUGURALLA,8649,,
AP,GUNTUR,REPALLE,8648,,
AP,GUNTUR,NARSARAOPET,8647,,
AP,GUNTUR,VINUKONDA,8646,,
AP,GUNTUR,MANGALAGIRI,8645,,
AP,GUNTUR,TENALI,8644,,
AP,GUNTUR,BAPATLA,8643,,
AP,GUNTUR,PALNAD  (MACHERALA),8642,,
AP,GUNTUR,SATTENAPALLI,8641,,
AP,GUNTUR,KROSURU,8640,,
AP,NELLORE,VINJAMURU,8629,,
AP,NELLORE,CHEJERLA,8628,,
AP,NELLORE,ATMAKUR,8627,,
AP,NELLORE,KAVALI,8626,,
AP,NELLORE,VENKATGIRI,8625,,
AP,NELLORE,GUDUR,8624,,
AP,NELLORE,SULLURPET,8623,,
AP,NELLORE,KOVVUR,8622,,
AP,NELLORE,RAPUR (PODALAKUR),8621,,
AP,NELLORE,UDAYGIRI,8620,,
AP,ONGOLE,ULVAPADU,8599,,
AP,ONGOLE,KANDUKURU,8598,,
AP,ONGOLE,MARKAPUR,8596,,
AP,ONGOLE,CHIRALA,8594,,
AP,ONGOLE,MEDARMETLA,8593,,
AP,ONGOLE,ONGOLE,8592,,
AP,CUDDAPAH,SIDDAVATTAM,8589,,
AP,CUDDAPAH,VAIMPALLI,8588,,
AP,CHITTOOR,VENKATGIRIKOTA,8587,,
AP,CHITTOOR,VAYALPAD,8586,,
AP,CHITTOOR,PAKALA,8585,,
AP,CHITTOOR,PILER,8584,,
AP,CHITTOOR,SODAM,8583,,
AP,CHITTOOR,B.KOTHAKOTA,8582,,
AP,CHITTOOR,PUNGANUR,8581,,
AP,CHITTOOR,PALMANERU,8579,,
AP,CHITTOOR,SRIKALAHASTHI,8578,,
AP,CHITTOOR,PUTTURU,8577,,
AP,CHITTOOR,SATYAVEDU,8576,,
AP,CHITTOOR,BANGARUPALEM,8573,,
AP,CHITTOOR,CHITTOOR,8572,,
AP,CHITTOOR,MADANAPALLI,8571,,
AP,CHITTOOR,KUPPAM,8570,,
AP,CUDDAPAH,BADVEL,8569,,
AP,CUDDAPAH,PULIVENDLA,8568,,
AP,CUDDAPAH,LAKKIREDDIPALLI,8567,,
AP,CUDDAPAH,KODURU,8566,,
AP,CUDDAPAH,RAJAMPETA,8565,,
AP,CUDDAPAH,PRODDATUR,8564,,
AP,CUDDAPAH,KAMALAPURAM (YERRAGUNTALA),8563,,
AP,CUDDAPAH,CUDDAPAH,8562,,
AP,CUDDAPAH,RAYACHOTI,8561,,
AP,CUDDAPAH,JAMMALAMADUGU,8560,,
AP,ANANTPUR (GUNTAKAL),DHARMAVARAM,8559,,
AP,ANANTPUR (GUNTAKAL),TADIPATRI,8558,,
AP,ANANTPUR (GUNTAKAL),PENUKONDA,8557,,
AP,ANANTPUR (GUNTAKAL),HINDUPUR,8556,,
AP,ANANTPUR (GUNTAKAL),ANANTAPUR,8554,,
AP,ANANTPUR (GUNTAKAL),GOOTY (GUNTAKAL),8552,,
AP,ANANTPUR (GUNTAKAL),GARLADINNE,8551,,
AP,ANANTPUR (GUNTAKAL),YELLANURU,8550,,
AP,MAHABUBNAGAR,KALWAKURTHY,8549,,
AP,MAHABUBNAGAR,SHADNAGAR,8548,,
AP,MAHABUBNAGAR,GADWAL,8546,,
AP,MAHABUBNAGAR,AMANGALLU,8545,,
AP,MAHABUBNAGAR,WANAPARTHY,8543,,
AP,MAHABUBNAGAR,MAHABUBNAGAR,8542,,
AP,MAHABUBNAGAR,ACHAMPET,8541,,
AP,MAHABUBNAGAR,NAGARKURNOOL,8540,,
KT,RAICHUR,KOPPAL,8539,,
KT,RAICHUR,MANVI,8538,,
KT,RAICHUR,LINGSUGUR,8537,,
KT,RAICHUR,KUSTAGI,8536,,
KT,RAICHUR,SINDHANUR,8535,,
KT,RAICHUR,YELBURGA,8534,,
KT,RAICHUR,GANGAVATHI,8533,,
KT,RAICHUR,RAICHUR,8532,,
KT,RAICHUR,DEODURGA,8531,,
AP,KURNOOL,GUDUR (KODUMUR),8525,,
AP,KURNOOL,SRISAILAM,8524,,
AP,KURNOOL,ALUR,8523,,
AP,KURNOOL,PEAPALLE,8522,,
AP,KURNOOL,PATTIKONDA,8520,,
AP,KURNOOL,ALLAGADDA,8519,,
AP,KURNOOL,KURNOOL,8518,,
AP,KURNOOL,ATMAKUR,8517,,
AP,KURNOOL,DRONACHALAM,8516,,
AP,KURNOOL,BANAGANAPALLE,8515,,
AP,KURNOOL,NANDYAL,8514,,
AP,KURNOOL,NANDIKOTKUR,8513,,
AP,KURNOOL,ADONI,8512,,
AP,KURNOOL,KOILKUNTLA,8510,,
AP,MAHABUBNAGAR,NARAYANPET,8506,,
AP,MAHABUBNAGAR,KODANGAL,8505,,
AP,MAHABUBNAGAR,ATMAKUR,8504,,
AP,MAHABUBNAGAR,MAKTHAL,8503,,
AP,MAHABUBNAGAR,ALAMPUR,8502,,
AP,MAHABUBNAGAR,KOLLAPUR,8501,,
AP,ONGOLE,PODILI,8499,,
AP,ANANTPUR (GUNTAKAL),NALLACHERUVU (TANAKALLU),8498,,
AP,ANANTPUR (GUNTAKAL),KALYANDURG,8497,,
AP,ANANTPUR (GUNTAKAL),URAVAKONDA,8496,,
AP,ANANTPUR (GUNTAKAL),RAYADURG,8495,,
AP,ANANTPUR (GUNTAKAL),KADIRI,8494,,
AP,ANANTPUR (GUNTAKAL),MADAKASIRA,8493,,
AP,ANANTPUR (GUNTAKAL),KAMBADUR,8492,,
AP,ANANTPUR (GUNTAKAL),KANAGANAPALLE,8491,,
AP,ONGOLE,PAMURU,8490,,
KT,BIJAPUR,SINDAGI,8488,,
KT,HUBLI,SHIRAHATTI,8487,,
KT,BIDAR,AURAD,8485,,
KT,BIDAR,BHALKI,8484,,
KT,BIDAR,HUMNABAD,8483,,
KT,BIDAR,BIDAR,8482,,
KT,BIDAR,BASAVAKALYAN,8481,,
KT,GULBARGA,SHAHAPUR,8479,,
KT,GULBARGA,KAMALAPUR,8478,,
KT,GULBARGA,ALAND,8477,,
KT,GULBARGA,WADI,8476,,
KT,GULBARGA,CHINCHOLI,8475,,
KT,GULBARGA,CHITTAPUR,8474,,
KT,GULBARGA,YADGIRI,8473,,
KT,GULBARGA,GULBARGA,8472,,
KT,GULBARGA,MASHAL,8471,,
KT,GULBARGA,AFZALPUR,8470,,
AP,NIZAMABAD,KAMAREDDY,8468,,
AP,NIZAMABAD,BODHAN,8467,,
AP,NIZAMABAD,BANSWADA,8466,,
AP,NIZAMABAD,YELLAREDDY,8465,,
AP,NIZAMABAD,MADNUR,8464,,
AP,NIZAMABAD,ARMOOR,8463,,
AP,NIZAMABAD,NIZAMABAD,8462,,
AP,NIZAMABAD,DICHPALLI,8461,,
AP,SANGAREDDY,NARSAPUR,8458,,
AP,SANGAREDDY,SIDDIPET,8457,,
AP,SANGAREDDY,NARAYANKHED,8456,,
AP,SANGAREDDY,SANGAREDDY,8455,,
AP,SANGAREDDY,GAJWEL,8454,,
AP,SANGAREDDY,MEDAK,8452,,
AP,SANGAREDDY,ZAHIRABAD,8451,,
AP,SANGAREDDY,ANDOLE (JOGIPET),8450,,
KT,GULBARGA,HUNSAGI,8444,,
KT,GULBARGA,SHORAPUR,8443,,
KT,GULBARGA,JEWARGI,8442,,
KT,GULBARGA,SEDAM,8441,,
KT,GULBARGA,NIMBURGA,8440,,
KT,BIJAPUR,TELGI,8426,,
KT,BIJAPUR,BILIGI,8425,,
KT,BIJAPUR,DEVARAHIPPARGI,8424,,
KT,BIJAPUR,CHADCHAN,8422,,
KT,UTTAR KANADA (KARWAR),YELLAPUR,8419,,
AP,HYDERABAD,MEDCHAL,8418,,
AP,HYDERABAD,CHEVELLA,8417,,
AP,HYDERABAD,VIKRABAD,8416,,
AP,HYDERABAD,HYDERABADEAST (GHATKESWAR),8415,,
AP,HYDERABAD,IBRAHIMPATNAM,8414,,
AP,HYDERABAD,HYDERABADWEST (SHAMSHABAD),8413,,
AP,HYDERABAD,PARGI,8412,,
AP,HYDERABAD,TANDURU,8411,,
AP,ONGOLE,DONAKONDA,8408,,
AP,ONGOLE,DARSI,8407,,
AP,ONGOLE,CUMBUM,8406,,
AP,ONGOLE,GIDDALUR,8405,,
AP,ONGOLE,MARTURU,8404,,
AP,ONGOLE,YERRAGONDAPALEM,8403,,
AP,ONGOLE,KANIGIRI,8402,,
KT,BELLARY,HUVINAHADAGALI,8399,,
KT,BELLARY,HARAPANAHALLI,8398,,
KT,BELLARY,H.B.HALLI,8397,,
KT,BELLARY,SIRUGUPPA,8396,,
KT,BELLARY,SANDUR,8395,,
KT,BELLARY,HOSPET,8394,,
KT,BELLARY,KURUGODU,8393,,
KT,BELLARY,BELLARY,8392,,
KT,BELLARY,KUDLIGI,8391,,
KT,UTTAR KANADA (KARWAR),SIDDAPUR,8389,,
KT,UTTAR KANADA (KARWAR),ANKOLA,8388,,
KT,UTTAR KANADA (KARWAR),HONNAVAR,8387,,
KT,UTTAR KANADA (KARWAR),KUMTA,8386,,
KT,UTTAR KANADA (KARWAR),BHATKAL,8385,,
KT,UTTAR KANADA (KARWAR),SIRSI,8384,,
KT,UTTAR KANADA (KARWAR),JOIDA,8383,,
KT,UTTAR KANADA (KARWAR),KARWAR,8382,,
KT,HUBLI,RON,8381,,
KT,HUBLI,NAVALGUND,8380,,
KT,HUBLI,HANGAL,8379,,
KT,HUBLI,SAVANUR,8378,,
KT,HUBLI,NARGUND,8377,,
KT,HUBLI,HIREKERUR,8376,,
KT,HUBLI,HAVERI,8375,,
KT,HUBLI,RANEBENNUR,8373,,
KT,HUBLI,GADAG,8372,,
KT,HUBLI,MUNDARGI,8371,,
KT,HUBLI,KALGHATAGI,8370,,
KT,BIJAPUR,INDI,8359,,
KT,BIJAPUR,BASAVANABAGEWADI,8358,,
KT,BIJAPUR,BADAMI,8357,,
KT,BIJAPUR,MUDDEBIHAL,8356,,
KT,BIJAPUR,BABLESHWAR,8355,,
KT,BIJAPUR,BAGALKOT,8354,,
KT,BIJAPUR,JAMKHANDI,8353,,
KT,BIJAPUR,BIJAPUR,8352,,
KT,BIJAPUR,HUNGUND,8351,,
KT,BIJAPUR,MUDHOL,8350,,
MH,PANJI,CANACONA (QUEPEM),8346,,
MH,PANJI,SANGUEM,8345,,
MH,PANJI,PONDA,8343,,
MH,PANJI,MARGAO,8342,,
KT,BELGAUM,AINAPUR,8339,,
KT,BELGAUM,CHIKKODI,8338,,
KT,BELGAUM,MURUGOD,8337,,
KT,BELGAUM,KHANAPUR,8336,,
KT,BELGAUM,RAMDURG,8335,,
KT,BELGAUM,MUDALGI,8334,,
KT,BELGAUM,HUKKERI (SANKESHWAR),8333,,
KT,BELGAUM,GOKAK,8332,,
KT,BELGAUM,RAIBAG (KUDCHI),8331,,
KT,BELGAUM,SAUNDATTI,8330,,
KT,HUBLI,KUNDGOL,8304,,
KT,UTTAR KANADA (KARWAR),MUNDAGOD,8301,,
KT,BELGAUM,ATHANI,8289,,
KT,BELGAUM,BAILHONGAL,8288,,
KT,UTTAR KANADA (KARWAR),HALIYAL,8284,,
KT,UTTAR KANADA (KARWAR),SALKANI,8283,,
KT,SHIMOGA,BHADRAVATI,8282,,
KT,KODAGU (MADIKERA),SOMWARPET,8276,,
KT,KODAGU (MADIKERA),VIRAJPET,8274,,
KT,KODAGU (MADIKERA),MADIKERI,8272,,
KT,CHIKMAGALUR,KADUR,8267,,
KT,CHIKMAGALUR,NARSIMHARAJAPUR,8266,,
KT,CHIKMAGALUR,KOPPA,8265,,
KT,CHIKMAGALUR,MUDIGERE,8263,,
KT,CHIKMAGALUR,CHIKMAGALUR,8262,,
KT,CHIKMAGALUR,TARIKERE,8261,,
KT,DAKSHIN KANADA (MANGALORE),SHANKARNARAYANA,8259,,
KT,DAKSHIN KANADA (MANGALORE),KARKALA,8258,,
KT,DAKSHIN KANADA (MANGALORE),SULLIA,8257,,
KT,DAKSHIN KANADA (MANGALORE),BELTHANGADY,8256,,
KT,DAKSHIN KANADA (MANGALORE),BANTWAL,8255,,
KT,DAKSHIN KANADA (MANGALORE),KUNDAPUR,8254,,
KT,DAKSHIN KANADA (MANGALORE),HEBRI,8253,,
KT,DAKSHIN KANADA (MANGALORE),PUTTUR,8251,,
KT,MANDYA,PANDAVPURA,8236,,
KT,MANDYA,NAGAMANGALA,8234,,
KT,MANDYA,MANDYA,8232,,
KT,MANDYA,MALAVALLI,8231,,
KT,MANDYA,KRISHNARAJAPET,8230,,
KT,MYSORE,GUNDLUPET,8229,,
KT,MYSORE,H.D.KOTE,8228,,
KT,MYSORE,T.NARSIPUR,8227,,
KT,MYSORE,CHAMRAJNAGAR,8226,,
KT,MYSORE,COWDAHALLI,8225,,
KT,MYSORE,KOLLEGAL,8224,,
KT,MYSORE,K.R.NAGAR,8223,,
KT,MYSORE,HUNSUR,8222,,
KT,MYSORE,NANJANGUD,8221,,
KT,DEVANGERE,HOSADURGA,8199,,
KT,DEVANGERE,MOLKALMURU,8198,,
KT,DEVANGERE,JAGALUR,8196,,
KT,DEVANGERE,CHALLAKERE,8195,,
KT,DEVANGERE,CHITRADURGA,8194,,
KT,DEVANGERE,HIRIYUR,8193,,
KT,DEVANGERE,DAVANGERE,8192,,
KT,DEVANGERE,HOLALKERE,8191,,
KT,DEVANGERE,TALLAK,8190,,
KT,SHIMOGA,CHANNAGIRI,8189,,
KT,SHIMOGA,HONNALI,8188,,
KT,SHIMOGA,SHIKARIPURA,8187,,
KT,SHIMOGA,KARGAL,8186,,
KT,SHIMOGA,HOSANAGARA,8185,,
KT,SHIMOGA,SORAB,8184,,
KT,SHIMOGA,SAGAR,8183,,
KT,SHIMOGA,SHIMOGA,8182,,
KT,SHIMOGA,THIRTHAHALLI,8181,,
KT,SHIMOGA,BASAVAPATNA,8180,,
KT,HASSAN,BELUR,8177,,
KT,HASSAN,CANNARAYAPATNA,8176,,
KT,HASSAN,HOLENARASIPUR,8175,,
KT,HASSAN,ARSIKERE,8174,,
KT,HASSAN,SAKLESHPUR,8173,,
KT,HASSAN,HASSAN,8172,,
KT,HASSAN,ALUR,8170,,
KT,KOLAR,MULBAGAL,8159,,
KT,KOLAR,SIDLAGHATTA,8158,,
KT,KOLAR,SRINIVASAPUR,8157,,
KT,KOLAR,CHIKKABALLAPUR,8156,,
KT,KOLAR,GOWRIBIDANUR,8155,,
KT,KOLAR,CHINTAMANI,8154,,
KT,KOLAR,BANGARPET,8153,,
KT,KOLAR,KOLAR,8152,,
KT,KOLAR,MALUR,8151,,
KT,KOLAR,BAGEPALLI,8150,,
KT,TUMKUR,TURUVEKERE,8139,,
KT,TUMKUR,KORATAGERI,8138,,
KT,TUMKUR,MADUGIRI,8137,,
KT,TUMKUR,PAVAGADA,8136,,
KT,TUMKUR,SIRA,8135,,
KT,TUMKUR,TIPTUR,8134,,
KT,TUMKUR,CHIKKANAYAKANAHALLI,8133,,
KT,TUMKUR,KUNIGAL,8132,,
KT,TUMKUR,GUBBI,8131,,
KT,BANGALORE,DODDABALLAPUR,8119,,
KT,BANGALORE,NELAMANGALA,8118,,
KT,BANGALORE,KANAKAPURA,8117,,
KT,BANGALORE,CHANNAPATNA,8113,,
KT,BANGALORE,HOSAKOTE,8111,,
KT,BANGALORE,ANEKAL,8110,,
MP,JAGDALPUR,KANKER,7868,,
MP,JAGDALPUR,BOKABAND,7867,,
MP,JAGDALPUR,KONTA,7866,,
MP,JAGDALPUR,GOGUNDA,7865,,
MP,JAGDALPUR,SUKMA,7864,,
MP,JAGDALPUR,CHINGAMUT,7863,,
MP,JAGDALPUR,BASTANAR,7862,,
MP,JAGDALPUR,NETANAR,7861,,
MP,JAGDALPUR,LOHADIGUNDAH,7859,,
MP,JAGDALPUR,KUAKUNDA,7858,,
MP,JAGDALPUR,BACHELI,7857,,
MP,JAGDALPUR,DANTEWADA,7856,,
MP,JAGDALPUR,CHINGMUT,7855,,
MP,JAGDALPUR,ILAMIDI,7854,,
MP,JAGDALPUR,BIJAPUR,7853,,
MP,JAGDALPUR,TOYNAR,7852,,
MP,JAGDALPUR,BHOPALPATNAM,7851,,
MP,JAGDALPUR,BHANUPRATAPPUR,7850,,
MP,JAGDALPUR,BADERAJPUR,7849,,
MP,JAGDALPUR,KESKAL,7848,,
MP,JAGDALPUR,ANTAGARH,7847,,
MP,JAGDALPUR,GARPA,7846,,
MP,JAGDALPUR,PAKHANJUR,7844,,
MP,JAGDALPUR,DURGAKONDAL,7843,,
MP,JAGDALPUR,SARONA,7841,,
MP,JAGDALPUR,KOYELIBEDA,7840,,
MP,SARGUJA (AMBIKAPUR),BAIKUNTHPUR,7836,,
MP,SARGUJA (AMBIKAPUR),BHARATHPUR,7835,,
MP,SARGUJA (AMBIKAPUR),SITAPUR,7834,,
MP,SARGUJA (AMBIKAPUR),UDAIPUR,7833,,
MP,SARGUJA (AMBIKAPUR),RAJPUR,7832,,
MP,SARGUJA (AMBIKAPUR),BALRAMPUR,7831,,
MP,DURG,PATAN,7826,,
MP,DURG,BERLA,7825,,
MP,DURG,BEMETARA,7824,,
MP,DURG,DONGARGARH,7823,,
MP,SIDHI,SIDHI,7822,,
MP,DURG,DHAMDA,7821,,
MP,DURG,KHAIRAGARH,7820,,
MP,BILASPUR,PANDISHANKAR,7819,,
MP,BILASPUR,CHANDIPARA,7818,,
MP,BILASPUR,JANJGIR,7817,,
MP,BILASPUR,PALI,7816,,
MP,BILASPUR,KATHGHORA,7815,,
MP,BILASPUR,BARPALLI,7813,,
MP,DAMOH,DAMOH,7812,,
MP,BILASPUR,PASAN,7811,,
MP,BILASPUR,UPRODA,7810,,
MP,SIDHI,CHITRANGI,7806,,
MP,SIDHI,SINGRAULI,7805,,
MP,SIDHI,KUSMI,7804,,
MP,SIDHI,MAJHOLI,7803,,
MP,SIDHI,CHURHAT,7802,,
MP,SIDHI,DEOSAR,7801,,
MP,NARSINGHPUR,GOTEGAON,7794,,
MP,NARSINGHPUR,KARELI,7793,,
MP,NARSINGHPUR,NARSINGHPUR,7792,,
MP,NARSINGHPUR,GADARWARA,7791,,
MP,NARSINGHPUR,BABAICHICHLI,7790,,
MP,JAGDALPUR,BHAIRONGARH,7789,,
MP,JAGDALPUR,LUCKWADA,7788,,
MP,JAGDALPUR,JARWA,7787,,
MP,JAGDALPUR,KONDAGAON,7786,,
MP,JAGDALPUR,MAKODI,7785,,
MP,JAGDALPUR,PARASGAON,7784,,
MP,JAGDALPUR,PADAMKOT,7783,,
MP,JAGDALPUR,JAGDALPUR,7782,,
MP,JAGDALPUR,NARAINPUR,7781,,
MP,SARGUJA (AMBIKAPUR),RAMCHANDRAPUR,7779,,
MP,SARGUJA (AMBIKAPUR),SEMARIA,7778,,
MP,SARGUJA (AMBIKAPUR),PRATAPPUR,7777,,
MP,SARGUJA (AMBIKAPUR),PREMNAGAR,7776,,
MP,SARGUJA (AMBIKAPUR),SURAJPUR,7775,,
MP,SARGUJA (AMBIKAPUR),AMBIKAPUR,7774,,
MP,SARGUJA (AMBIKAPUR),ODGI,7773,,
MP,SARGUJA (AMBIKAPUR),WADRAINAGAR,7772,,
MP,SARGUJA (AMBIKAPUR),MANENDRAGARH,7771,,
MP,SARGUJA (AMBIKAPUR),KATHDOL,7770,,
MP,RAIGARH,BAGICHA,7769,,
MP,RAIGARH,SARANGGARH,7768,,
MP,RAIGARH,GHARGHODA,7767,,
MP,RAIGARH,DHARAMJAIGARH,7766,,
MP,RAIGARH,PATHALGAON,7765,,
MP,RAIGARH,KUNKURI,7764,,
MP,RAIGARH,JASHPURNAGAR,7763,,
MP,RAIGARH,RAIGARH,7762,,
MP,RAIGARH,TAPKARA,7761,,
MP,BILASPUR,KORBA,7759,,
MP,BILASPUR,DABHARA,7758,,
MP,BILASPUR,SHAKTI,7757,,
MP,BILASPUR,LORMI,7756,,
MP,BILASPUR,MUNGELI,7755,,
MP,BILASPUR,PANDARIA,7754,,
MP,BILASPUR,KOTA,7753,,
MP,BILASPUR,BILASPUR,7752,,
MP,BILASPUR,PENDRA,7751,,
MP,BILASPUR,MARWAHI,7750,,
MP,DURG,BALOD,7749,,
MP,DURG,DALLIRAJHARA,7748,,
MP,DURG,MOHLA,7747,,
MP,DURG,MANPUR,7746,,
MP,DURG,CHHURIAKALA,7745,,
MP,DURG,RAJANDGAON,7744,,
MP,DURG,CHUIKHADAN,7743,,
MP,DURG,KAWARDHA,7741,,
MP,DURG,BODLA,7740,,
MP,PANNA,SHAHNAGAR,7734,,
MP,PANNA,PAWAI,7733,,
MP,PANNA,PANNA,7732,,
MP,PANNA,GUNNORE,7731,,
MP,PANNA,AJAIGARH,7730,,
MP,RAIPUR,BHILAIGARH,7729,,
MP,RAIPUR,KASDOL,7728,,
MP,RAIPUR,BALODABAZAR,7727,,
MP,RAIPUR,BHATAPARA,7726,,
MP,RAIPUR,SARAIPALI,7725,,
MP,RAIPUR,BASANA,7724,,
MP,RAIPUR,MAHASAMUND,7723,,
MP,RAIPUR,DHAMTARI,7722,,
MP,RAIPUR,NEORA,7721,,
MP,RAIPUR,ARANG,7720,,
MP,RAIPUR,BAGBAHERA,7707,,
MP,RAIPUR,GARIABAND,7706,,
MP,RAIPUR,KURUD,7705,,
MP,RAIPUR,DEOBHOG,7704,,
MP,RAIPUR,MANPUR,7703,,
MP,RAIPUR,PINGESHWAR,7701,,
MP,RAIPUR,NAGRI,7700,,
MP,SEONI,GOPALGANJ,7695,,
MP,SEONI,KEOLARI,7694,,
MP,SEONI,GHANSOUR,7693,,
MP,SEONI,SEONI,7692,,
MP,SEONI,CHHAPARA,7691,,
MP,SEONI,LAKHNADON,7690,,
MP,CHHATARPUR,BADAMALHERA,7689,,
MP,CHHATARPUR,GOURIHAR,7688,,
MP,CHHATARPUR,LAUNDI,7687,,
MP,CHHATARPUR,KHAJURAHO,7686,,
MP,CHHATARPUR,NOWGAON,7685,,
MP,CHHATARPUR,BALDEOGARH,7684,,
MP,CHHATARPUR,TIKAMGARH,7683,,
MP,CHHATARPUR,CHHATARPUR,7682,,
MP,CHHATARPUR,JATARA,7681,,
MP,CHHATARPUR,NIWARI,7680,,
MP,SATNA,AMARPATAN,7675,,
MP,SATNA,MAIHAR,7674,,
MP,SATNA,NAGOD,7673,,
MP,SATNA,SATNA,7672,,
MP,SATNA,JAITWARA,7671,,
MP,SATNA,MAJHAGWAN,7670,,
MP,REWA,HANUMANA,7664,,
MP,REWA,MAUGANJ,7663,,
MP,REWA,REWA,7662,,
MP,REWA,TEONTHAR,7661,,
MP,REWA,SIRMOUR,7660,,
MP,SHAHDOL,JAITHARI,7659,,
MP,SHAHDOL,KOTMA,7658,,
MP,SHAHDOL,JAITPUR,7657,,
MP,SHAHDOL,KANNODI,7656,,
MP,SHAHDOL,BIRSINGHPUR,7655,,
MP,SHAHDOL,BANDHAVGARH,7653,,
MP,SHAHDOL,SHAHDOL,7652,,
MP,SHAHDOL,JAISINGHNAGAR,7651,,
MP,SHAHDOL,BEOHARI,7650,,
MP,MANDLA,KAKAIYA,7649,,
MP,MANDLA,MAWAI,7648,,
MP,MANDLA,GHUGHARI,7647,,
MP,MANDLA,NAINPUR,7646,,
MP,MANDLA,KARANJIA,7645,,
MP,MANDLA,DINDORI,7644,,
MP,MANDLA,BIJADANDI,7643,,
MP,MANDLA,MANDLA,7642,,
MP,MANDLA,NIWAS,7641,,
MP,MANDLA,SHAHPUR,7640,,
MP,BALAGHAT,DAMOH,7638,,
MP,BALAGHAT,BIRSA,7637,,
MP,BALAGHAT,BAIHAR,7636,,
MP,BALAGHAT,LANJI,7635,,
MP,BALAGHAT,LAMTA,7634,,
MP,BALAGHAT,WARASEONI,7633,,
MP,BALAGHAT,BALAGHAT,7632,,
MP,BALAGHAT,KATANGI,7630,,
MP,SHAHDOL,PUSHPRAJGARH,7629,,
MP,SHAHDOL,KARPA,7628,,
MP,SHAHDOL,MANPUR,7627,,
MP,JABALPUR,VIJAYRAGHOGARH,7626,,
MP,JABALPUR,UMARIAPAN,7625,,
MP,JABALPUR,SIHORA,7624,,
MP,JABALPUR,KUNDAM,7623,,
MP,JABALPUR,KATNI,7622,,
MP,JABALPUR,PATAN,7621,,
MP,CHHATARPUR,BUXWAHA,7609,,
MP,CHHATARPUR,BIJAWAR,7608,,
MP,DAMOH,JABERA,7606,,
MP,DAMOH,PATERA,7605,,
MP,DAMOH,HATTA,7604,,
MP,DAMOH,TENDUKHEDA,7603,,
MP,DAMOH,PATHARIA,7601,,
MP,VIDISHA,GYRASPUR,7596,,
MP,VIDISHA,NATERAN,7595,,
MP,VIDISHA,GANJBASODA,7594,,
MP,VIDISHA,KURWAI,7593,,
MP,VIDISHA,VIDISHA,7592,,
MP,VIDISHA,SIRONJ,7591,,
MP,VIDISHA,LATERI,7590,,
MP,SAGAR,DEORI,7586,,
MP,SAGAR,REHLI,7585,,
MP,SAGAR,RAHATGARH,7584,,
MP,SAGAR,BANDA,7583,,
MP,SAGAR,SAGAR,7582,,
MP,SAGAR,KHURAI,7581,,
MP,SAGAR,BINA,7580,,
MP,ITARSI,PACHMARHI,7578,,
MP,ITARSI,HARDA,7577,,
MP,ITARSI,PIPARIA,7576,,
MP,ITARSI,SOHAGPUR,7575,,
MP,ITARSI,HOSHANGABAD,7574,,
MP,ITARSI,TIMARANI,7573,,
MP,ITARSI,ITARSI,7572,,
MP,ITARSI,KHIRKIYA,7571,,
MP,ITARSI,SEONIMALWA,7570,,
MP,BHOPAL,BERASIA,7565,,
MP,BHOPAL,BUDHNI,7564,,
MP,BHOPAL,NASRULLAGANJ,7563,,
MP,BHOPAL,SEHORE,7562,,
MP,BHOPAL,ICHHAWAR,7561,,
MP,BHOPAL,ASHTA,7560,,
MP,GUNA,MUNGAOLI,7548,,
MP,GUNA,CHANDERI,7547,,
MP,GUNA,CHACHAURA,7546,,
MP,GUNA,ARONE,7545,,
MP,GUNA,RAGHOGARH,7544,,
MP,GUNA,ASHOKNAGAR,7543,,
MP,GUNA,GUNA,7542,,
MP,GUNA,ISAGARH,7541,,
MP,GUNA,BAMORI,7540,,
MP,MORENA,GOHAD,7539,,
MP,MORENA,AMBAH,7538,,
MP,MORENA,JORA,7537,,
MP,MORENA,SABALGARH,7536,,
MP,MORENA,RAGHUNATHPUR,7535,,
MP,MORENA,BHIND,7534,,
MP,MORENA,KARHAL,7533,,
MP,MORENA,MORENA,7532,,
MP,MORENA,BARODA,7531,,
MP,MORENA,SHEOPURKALAN,7530,,
MP,MORENA,LAHER,7529,,
MP,MORENA,BIJAYPUR,7528,,
MP,MORENA,MEHGAON,7527,,
MP,GWALIOR,GHATIGAON,7526,,
MP,GWALIOR,BHITARWAR,7525,,
MP,GWALIOR,DABRA,7524,,
MP,GWALIOR,BHANDER,7523,,
MP,GWALIOR,DATIA,7522,,
MP,GWALIOR,SEONDHA,7521,,
MP,SHIVPURI,KHANIADHANA,7497,,
MP,SHIVPURI,PICHHORE,7496,,
MP,SHIVPURI,BADARWAS,7495,,
MP,SHIVPURI,KOLARAS,7494,,
MP,SHIVPURI,KARERA,7493,,
MP,SHIVPURI,SHIVPURI,7492,,
MP,SHIVPURI,NARWAR,7491,,
MP,SHIVPURI,POHARI,7490,,
MP,RAISEN,BEGAMGANJ,7487,,
MP,RAISEN,BARELI,7486,,
MP,RAISEN,UDAIPURA,7485,,
MP,RAISEN,SILWANI,7484,,
MP,RAISEN,RAISEN,7482,,
MP,RAISEN,GAIRATGANJ,7481,,
MP,RAISEN,GOHARGANJ,7480,,
RJ,SAWAIMADHOPUR,HINDAUN,7469,,
RJ,SAWAIMADHOPUR,KHANDAR,7468,,
RJ,SAWAIMADHOPUR,BAMANWAS,7467,,
RJ,SAWAIMADHOPUR,BONLI,7466,,
RJ,SAWAIMADHOPUR,SAPOTRA,7465,,
RJ,SAWAIMADHOPUR,KARAULI,7464,,
RJ,SAWAIMADHOPUR,GANGAPUR,7463,,
RJ,SAWAIMADHOPUR,SAWAIMADHOPUR,7462,,
RJ,SAWAIMADHOPUR,MAHUWA,7461,,
RJ,KOTA,SAHABAD,7460,,
RJ,KOTA,RAMGANJ MANDI,7459,,
RJ,KOTA,PIPALDA (SUMERGANJ MANDI),7458,,
RJ,KOTA,MANGROL,7457,,
RJ,KOTA,KISHANGANJ (BHANWARGARH),7456,,
RJ,KOTA,DIGOD (SULTANPUR),7455,,
RJ,KOTA,CHHIPABORAD,7454,,
RJ,KOTA,BARAN,7453,,
RJ,KOTA,CHHABRA,7452,,
RJ,KOTA,ATRU,7451,,
RJ,KOTA,SANGOD,7450,,
RJ,BUNDI,KESHORAIPATAN (PATAN),7438,,
RJ,BUNDI,NAINWA,7437,,
RJ,BUNDI,HINDOLI,7436,,
RJ,JHALAWAR,GANGDHAR,7435,,
RJ,JHALAWAR,PIRAWA (RAIPUR),7434,,
RJ,JHALAWAR,PACHPAHAR (BHAWANIMANDI),7433,,
RJ,JHALAWAR,JHALAWAR,7432,,
RJ,JHALAWAR,AKLERA,7431,,
RJ,JHALAWAR,KHANPUR,7430,,
MP,MANDSAUR,BHANPURA,7427,,
MP,MANDSAUR,SITAMAU,7426,,
MP,MANDSAUR,GAROTH,7425,,
MP,MANDSAUR,MALHARGARH,7424,,
MP,MANDSAUR,NEEMUCH,7423,,
MP,MANDSAUR,MANDSAUR,7422,,
MP,MANDSAUR,MANASA,7421,,
MP,MANDSAUR,JAWAD,7420,,
MP,RATLAM,JAORA,7414,,
MP,RATLAM,SAILANA,7413,,
MP,RATLAM,RATLAM,7412,,
MP,RATLAM,ALOT,7410,,
MP,JHABUA,SONDHWA,7395,,
MP,JHABUA,ALIRAJPUR,7394,,
MP,JHABUA,JOBAT,7393,,
MP,JHABUA,JHABUA,7392,,
MP,JHABUA,PETLAWAD,7391,,
MP,JHABUA,THANDLA,7390,,
MP,RAJGARH,NARSINGHARH,7375,,
MP,RAJGARH,BIAORA,7374,,
MP,RAJGARH,RAJGARH,7372,,
MP,RAJGARH,SARANGPUR,7371,,
MP,RAJGARH,KHILCHIPUR,7370,,
MP,UJJAIN,TARANA,7369,,
MP,UJJAIN,GHATIA,7368,,
MP,UJJAIN,BADNAGAR,7367,,
MP,UJJAIN,KHACHROD,7366,,
MP,UJJAIN,MAHIDPURCITY,7365,,
MP,SHAJAPUR,SHAJAPUR,7364,,
MP,SHAJAPUR,BERCHHA,7363,,
MP,SHAJAPUR,AGAR,7362,,
MP,SHAJAPUR,SUSNER,7361,,
MP,SHAJAPUR,SHUJALPUR,7360,,
MP,KHANDWA,KHAKNER,7329,,
MP,KHANDWA,KHALWA,7328,,
MP,KHANDWA,HARSUD,7327,,
MP,KHANDWA,BALDI,7326,,
MP,KHANDWA,BURHANPUR,7325,,
MP,INDORE,MHOW,7324,,
MP,KHANDWA,PUNASA,7323,,
MP,INDORE,DEPALPUR,7322,,
MP,INDORE,SANWER,7321,,
MP,KHANDWA,PANDHANA,7320,,
MP,DHAR,KUKSHI,7297,,
MP,DHAR,SARDARPUR,7296,,
MP,DHAR,BADNAWAR,7295,,
MP,DHAR,DHARAMPURI,7294,,
MP,DHAR,DHAR,7292,,
MP,DHAR,MANAWAR,7291,,
MP,KHARGONE,BADWANI,7290,,
MP,KHARGONE,ZHIRNIA,7289,,
MP,KHARGONE,BHIKANGAON,7288,,
MP,KHARGONE,GOGAON,7287,,
MP,KHARGONE,KHETIA,7286,,
MP,KHARGONE,KASRAWAD,7285,,
MP,KHARGONE,RAJPUR,7284,,
MP,KHARGONE,MAHESHWAR,7283,,
MP,KHARGONE,KHARGONE,7282,,
MP,KHARGONE,SENDHWA,7281,,
MP,KHARGONE,BARWAHA,7280,,
MH,BULDHANA,NANDNVA,7279,,
MP,DEWAS,KHATEGAON,7274,,
MP,DEWAS,KANNOD,7273,,
MP,DEWAS,DEWAS,7272,,
MP,DEWAS,BAGLI,7271,,
MP,DEWAS,SONKATCH,7270,,
MH,BULDHANA,SINDKHEDARAJA,7269,,
MH,BULDHANA,MEKHAR,7268,,
MH,BULDHANA,MALKAPUR,7267,,
MH,BULDHANA,JALGAONJAMOD,7266,,
MH,BULDHANA,SHEGAON,7265,,
MH,BULDHANA,CHIKHALI,7264,,
MH,BULDHANA,KHAMGAON,7263,,
MH,BULDHANA,BULDHANA,7262,,
MH,BULDHANA,DEOLGAONRAJA,7261,,
MH,BULDHANA,LONAR,7260,,
MH,AKOLA,AKOT,7258,,
MH,AKOLA,BALAPUR,7257,,
MH,AKOLA,MURTIZAPUR,7256,,
MH,AKOLA,BARSHI TAKLI,7255,,
MH,AKOLA,MALGAON,7254,,
MH,AKOLA,MANGRULPUR,7253,,
MH,AKOLA,WASHIM,7252,,
MH,AKOLA,RISOD,7251,,
MH,YEOTMAL,WANI,7239,,
MH,YEOTMAL,DARWAHA,7238,,
MH,YEOTMAL,MARIGAON,7237,,
MH,YEOTMAL,MAREGAON,7236,,
MH,YEOTMAL,PANDHARKAWADA,7235,,
MH,YEOTMAL,DIGRAS,7234,,
MH,YEOTMAL,PUSAD,7233,,
MH,YEOTMAL,YEOTMAL,7232,,
MH,YEOTMAL,UMARKHED,7231,,
MH,YEOTMAL,GHATANJI,7230,,
MH,AMRAVATI,WARLYDWARUD,7229,,
MH,AMRAVATI,MORSHI,7228,,
MH,AMRAVATI,CHANDURBAZAR,7227,,
MH,AMRAVATI,DHARANI,7226,,
MH,AMRAVATI,TIWASA,7225,,
MH,AMRAVATI,DARYAPUR,7224,,
MH,AMRAVATI,ACHALPUR,7223,,
MH,AMRAVATI,CHANDURRLY,7222,,
MH,AMRAVATI,NANDGAON,7221,,
MH,AMRAVATI,CHHIKALDARA,7220,,
MH,YEOTMAL,BABHULGAON,7203,,
MH,YEOTMAL,RALEGAON,7202,,
MH,YEOTMAL,KALAMB,7201,,
MH,BHANDARA,DEORI,7199,,
MH,BHANDARA,TIRORA,7198,,
MH,BHANDARA,MOHADI,7197,,
MH,BHANDARA,ARJUNI-MEROGAON,7196,,
MH,BHANDARA,AMAGAON,7189,,
MH,BHANDARA,GOREGAON,7187,,
MH,BHANDARA,SAKOLI,7186,,
MH,BHANDARA,PAUNI,7185,,
MH,BHANDARA,BHANDARA,7184,,
MH,BHANDARA,TUMSAR,7183,,
MH,BHANDARA,GONDIA,7182,,
MH,BHANDARA,LAKHANDUR,7181,,
MH,BHANDARA,SALEKASA,7180,,
MH,CHANDRAPUR,NAGBHIR,7179,,
MH,CHANDRAPUR,SINDERWAHI,7178,,
MH,CHANDRAPUR,BRAHMAPURI,7177,,
MH,CHANDRAPUR,WARORA,7176,,
MH,CHANDRAPUR,BHADRAWATI,7175,,
MH,CHANDRAPUR,MUL,7174,,
MH,CHANDRAPUR,RAJURA,7173,,
MH,CHANDRAPUR,CHANDRAPUR,7172,,
MH,CHANDRAPUR,GOND PIPRI,7171,,
MH,CHANDRAPUR,CHUMUR,7170,,
MP,CHHINDWARA,BATKAKHAPA,7169,,
MP,CHHINDWARA,HARRAI,7168,,
MP,CHHINDWARA,AMARWADA,7167,,
MP,CHHINDWARA,CHAURAI,7166,,
MP,CHHINDWARA,SAUNSAR,7165,,
MP,CHHINDWARA,PANDHURNA,7164,,
MP,CHHINDWARA,CHHINDWARA,7162,,
MP,CHHINDWARA,PARASIA,7161,,
MP,CHHINDWARA,JAMAI,7160,,
MH,WARDHA,DEOLI,7158,,
MH,WARDHA,ARVI,7157,,
MH,WARDHA,TALEGAOKARANGAL,7156,,
MH,WARDHA,SELOO,7155,,
MH,WARDHA,HINGANGHAT,7153,,
MH,WARDHA,WARDHA,7152,,
MH,WARDHA,SAMUDRAPUR,7151,,
MP,CHHINDWARA,TAMIA,7149,,
MP,BETUL,PRABHA PATTAN,7148,,
MP,BETUL,MULTAI,7147,,
MP,BETUL,GHORANDOGRI,7146,,
MP,BETUL,CHICHOLI,7145,,
MP,BETUL,ATNER,7144,,
MP,BETUL,BHAINSDEHI,7143,,
MP,BETUL,BHIMPUR,7142,,
MP,BETUL,BETUL,7141,,
MH,GADCHIROLI,KURKHEDA,7139,,
MH,GADCHIROLI,DHANORA,7138,,
MH,GADCHIROLI,DESAIGANJ,7137,,
MH,GADCHIROLI,ETAPALLI,7136,,
MH,GADCHIROLI,CHAMORSHI,7135,,
MH,GADCHIROLI,BHAMREGADH,7134,,
MH,GADCHIROLI,AHERI,7133,,
MH,GADCHIROLI,GADCHIROLI,7132,,
MH,GADCHIROLI,SIRONCHA,7131,,
MH,NAGPUR,KALMESHWAR,7118,,
MH,NAGPUR,UMRER,7116,,
MH,NAGPUR,MOUDA,7115,,
MH,NAGPUR,RAMTEK,7114,,
MH,NAGPUR,SAONER,7113,,
MH,NAGPUR,KATOL,7112,,
MH,NAGPUR,KAMPTEE,7109,,
MH,NAGPUR,BHIWAPUR,7106,,
MH,NAGPUR,NARKHED,7105,,
MH,NAGPUR,HINGUA,7104,,
MH,NAGPUR,BUTIBORI,7103,,
MH,NAGPUR,PARSEONI,7102,,
MH,NAGPUR,KUHI,7100,,
OR,KORAPUT,PAPADHANDI,6869,,
OR,KORAPUT,NANDAPUR,6868,,
OR,KORAPUT,JHARIGAN,6867,,
OR,KORAPUT,UMERKOTE,6866,,
OR,KORAPUT,KASHIPUR,6865,,
OR,KORAPUT,MATHILI,6864,,
OR,KORAPUT,BISAM CUTTACK,6863,,
OR,KORAPUT,GUDARI,6862,,
OR,KORAPUT,MALKANGIRI,6861,,
OR,KORAPUT,BORIGUMA,6860,,
OR,KORAPUT,MOTU,6859,,
OR,KORAPUT,NOWRANGAPUR,6858,,
OR,KORAPUT,GUNUPUR,6857,,
OR,KORAPUT,RAYAGADA,6856,,
OR,KORAPUT,LAXMIPUR,6855,,
OR,KORAPUT,JEYPORE,6854,,
OR,KORAPUT,SUNABEDA,6853,,
OR,KORAPUT,KORAPUT,6852,,
OR,KORAPUT,KALIMELA,6850,,
OR,PHULBANI,DARINGBADI,6849,,
OR,PHULBANI,KOTAGARH,6848,,
OR,PHULBANI,G.UDAYAGIRI,6847,,
OR,PHULBANI,BALIGUDA,6846,,
OR,PHULBANI,PHIRINGIA,6845,,
OR,PHULBANI,KANTAMAL,6844,,
OR,PHULBANI,PURUNA KATAK,6843,,
OR,PHULBANI,PHULBANI,6842,,
OR,PHULBANI,BOUDH,6841,,
OR,PHULBANI,TUMUDIBANDHA,6840,,
OR,BERHAMPUR,ASKA,6822,,
OR,BERHAMPUR,BHANJANAGAR,6821,,
OR,BERHAMPUR,SURADA,6819,,
OR,BERHAMPUR,BUGUDA,6818,,
OR,BERHAMPUR,R.UDAYIGIRI,6817,,
OR,BERHAMPUR,MOHANA,6816,,
OR,BERHAMPUR,PARLAKHEMUNDI,6815,,
OR,BERHAMPUR,DIGAPAHANDI,6814,,
OR,BERHAMPUR,CHHATRAPUR,6811,,
OR,BERHAMPUR,KHALIKOTE,6810,,
OR,BARIPADA,JASHIPUR,6797,,
OR,BARIPADA,KARANJIA,6796,,
OR,BARIPADA,UDALA,6795,,
OR,BARIPADA,RAIRANGPUR,6794,,
OR,BARIPADA,BETANATI,6793,,
OR,BARIPADA,BARIPADA,6792,,
OR,BARIPADA,BANGIRIPOSI,6791,,
OR,BALASORE,SORO,6788,,
OR,BALASORE,CHANDBALI,6786,,
OR,BALASORE,BHADRAK,6784,,
OR,BALASORE,BALASORE,6782,,
OR,BALASORE,BASTA,6781,,
OR,DHENKANAL,KAMAKHYANAGAR,6769,,
OR,DHENKANAL,PARAJANG,6768,,
OR,DHENKANAL,BARBIL,6767,,
OR,DHENKANAL,KEONJHAR,6766,,
OR,DHENKANAL,PALLA HARA,6765,,
OR,DHENKANAL,ANUGUL,6764,,
OR,DHENKANAL,ATHMALLIK,6763,,
OR,DHENKANAL,DHENKANAL,6762,,
OR,DHENKANAL,CHHENDIPADA,6761,,
OR,DHENKANAL,TALCHER,6760,,
OR,BHUBANESWAR (PURI),NIMAPARA,6758,,
OR,BHUBANESWAR (PURI),DASPALLA,6757,,
OR,BHUBANESWAR (PURI),BALUGAON,6756,,
OR,BHUBANESWAR (PURI),KHURDA,6755,,
OR,BHUBANESWAR (PURI),NAYAGARH,6753,,
OR,BHUBANESWAR (PURI),PURI,6752,,
OR,DHENKANAL,TELKOI,6735,,
OR,DHENKANAL,GHATGAON,6733,,
OR,DHENKANAL,HINDOL,6732,,
OR,DHENKANAL,ANANDAPUR,6731,,
OR,CUTTACK,PATTAMUNDAI,6729,,
OR,CUTTACK,JAJAPUR TOWN,6728,,
OR,CUTTACK,KENDRAPARA,6727,,
OR,CUTTACK,JAJAPUR ROAD,6726,,
OR,CUTTACK,DHANMANDAL,6725,,
OR,CUTTACK,JAGATSINGHPUR,6724,,
OR,CUTTACK,ATHGARH,6723,,
OR,CUTTACK,PARDIP,6722,,
OR,CUTTACK,NARSINGHPUR,6721,,
OR,SAMBALPUR,SOHELA,6685,,
OR,SAMBALPUR,PAIKAMAL,6684,,
OR,SAMBALPUR,PADMAPUR,6683,,
OR,SAMBALPUR,ATTABIRA,6682,,
OR,SAMBALPUR,JUJUMURA,6681,,
OR,BHAWANIPATNA,KOMANA,6679,,
OR,BHAWANIPATNA,NOWPARATAN,6678,,
OR,BHAWANIPATNA,NARLAROAD,6677,,
OR,BHAWANIPATNA,M.RAMPUR,6676,,
OR,BHAWANIPATNA,T.RAMPUR,6675,,
OR,BHAWANIPATNA,JAYAPATNA,6673,,
OR,BHAWANIPATNA,DHARAMGARH,6672,,
OR,BHAWANIPATNA,RAJKHARIAR,6671,,
OR,BHAWANIPATNA,BHAWANIPATNA,6670,,
OR,BALANGIR,KANTABHANJI,6657,,
OR,BALANGIR,TITLAGARH,6655,,
OR,BALANGIR,SONAPUR,6654,,
OR,BALANGIR,DUNGURIPALI,6653,,
OR,BALANGIR,BALANGIR,6652,,
OR,BALANGIR,BIRMAHARAJPUR,6651,,
OR,SAMBALPUR,JAMANKIRA,6649,,
OR,BALANGIR,PATNAGARH,6648,,
OR,SAMBALPUR,NAKTIDEUL,6647,,
OR,SAMBALPUR,BARGARH,6646,,
OR,SAMBALPUR,JHARSUGUDA,6645,,
OR,SAMBALPUR,RAIRAKHOL,6644,,
OR,SAMBALPUR,BARKOT,6643,,
OR,SAMBALPUR,KUCHINDA,6642,,
OR,SAMBALPUR,DEODGARH,6641,,
OR,SAMBALPUR,BAGDIHI,6640,,
OR,SUNDARGARH (ROURKELA),BANAIGARH,6626,,
OR,SUNDARGARH (ROURKELA),LAHUNIPARA,6625,,
OR,SUNDARGARH (ROURKELA),RAJGANGPUR,6624,,
OR,SUNDARGARH (ROURKELA),SUNDARGARH,6622,,
OR,SUNDARGARH (ROURKELA),HEMGIRI,6621,,
BR,JAMSHEDPUR,SARAIKELA (ADSTYAPUR),6597,,
BR,JAMSHEDPUR,NOAMUNDI,6596,,
BR,JAMSHEDPUR,BAHARAGORA,6594,,
BR,JAMSHEDPUR,MANOHARPUR,6593,,
BR,JAMSHEDPUR,CHANDIL,6591,,
BR,JAMSHEDPUR,JHINKPANI,6589,,
BR,JAMSHEDPUR,JAGARNATHPUR,6588,,
BR,JAMSHEDPUR,CHAKARDHARPUR,6587,,
BR,DALTONGANJ,CHAINPUR,6586,,
BR,JAMSHEDPUR,GHATSILA,6585,,
BR,DALTONGANJ,BISHRAMPUR,6584,,
BR,JAMSHEDPUR,KHARSAWA,6583,,
BR,JAMSHEDPUR,CHAIBASA,6582,,
BR,DALTONGANJ,BHANDARIA,6581,,
BR,DALTONGANJ,GARU,6569,,
BR,DALTONGANJ,BALUMATH,6568,,
BR,DALTONGANJ,BARWADIH,6567,,
BR,DALTONGANJ,JAPLA,6566,,
BR,DALTONGANJ,LATEHAR,6565,,
BR,DALTONGANJ,NAGARUTARI,6564,,
BR,DALTONGANJ,BHAWANATHPUR,6563,,
BR,DALTONGANJ,DALTONGANJ,6562,,
BR,DALTONGANJ,GARHWA,6561,,
BR,DALTONGANJ,PATAN,6560,,
BR,HAZARIBAGH,SIMARIA,6559,,
BR,HAZARIBAGH,DUMRI(ISRIBAZAR),6558,,
BR,HAZARIBAGH,BAGODAR,6557,,
BR,HAZARIBAGH,TISRI,6556,,
BR,HAZARIBAGH,RAJDHANWAR,6554,,
BR,HAZARIBAGH,RAMGARH,6553,,
BR,HAZARIBAGH,BARKAGAON,6551,,
BR,HAZARIBAGH,HUNTERGANJ,6550,,
BR,DHANBAD,BERMO,6549,,
BR,HAZARIBAGH,ICHAK,6548,,
BR,HAZARIBAGH,CHAVPARAN,6547,,
BR,HAZARIBAGH,HAZARIBAGH,6546,,
BR,HAZARIBAGH,MANDU,6545,,
BR,DHANBAD,GOMIA,6544,,
BR,HAZARIBAGH,BARHI,6543,,
BR,DHANBAD,BOKARO,6542,,
BR,HAZARIBAGH,CHATRA,6541,,
BR,DHANBAD,GOVINDPUR,6540,,
BR,RANCHI,BOLWA,6539,,
BR,RANCHI,TORPA,6538,,
BR,RANCHI,PALKOT,6536,,
BR,RANCHI,CHAINPUR,6535,,
BR,HAZARIBAGH,JHUMARITALAIYA,6534,,
BR,RANCHI,BASIA,6533,,
BR,HAZARIBAGH,GIRIDIH,6532,,
BR,RANCHI,MANDAR,6531,,
BR,RANCHI,BUNDU,6530,,
BR,RANCHI,ITKI,6529,,
BR,RANCHI,KHUNTI,6528,,
BR,RANCHI,KOLEBIRA,6527,,
BR,RANCHI,LOHARDAGA,6526,,
BR,RANCHI,SIMDEGA,6525,,
BR,RANCHI,GUMLA,6524,,
BR,RANCHI,GHAGHRA,6523,,
BR,RANCHI,MURI,6522,,
BR,SAHARSA,UDAKISHANGANJ,6479,,
BR,SAHARSA,SAHARSA,6478,,
BR,SAHARSA,TRIVENIGANJ,6477,,
BR,SAHARSA,MADHEPURA,6476,,
BR,SAHARSA,S.BAKHTIARPUR,6475,,
BR,SAHARSA,SUPAUL,6473,,
BR,SAHARSA,BIRPUR,6471,,
BR,KATIHAR,BANMANKHI,6467,,
BR,KATIHAR,KISHANGANJ,6466,,
BR,KATIHAR,DHAMDAHA,6462,,
BR,KATIHAR,RANIGANJ,6461,,
BR,KATIHAR,THAKURGANJ,6459,,
BR,KATIHAR,KORHA,6457,,
BR,KATIHAR,FORBESGANJ,6455,,
BR,KATIHAR,PURNEA,6454,,
BR,KATIHAR,ARARIA,6453,,
BR,KATIHAR,KATIHAR,6452,,
BR,KATIHAR,BARSOI,6451,,
BR,DEOGHAR (DUMKA),MADHUPUR,6438,,
BR,DEOGHAR (DUMKA),MAHAGAMA,6437,,
BR,DEOGHAR (DUMKA),SAHIBGANJ,6436,,
BR,DEOGHAR (DUMKA),PAKUR,6435,,
BR,DEOGHAR (DUMKA),DUMKA,6434,,
BR,DEOGHAR (DUMKA),JAMTARA,6433,,
BR,DEOGHAR (DUMKA),DEOGHAR,6432,,
BR,DEOGHAR (DUMKA),JHARMUNDI,6431,,
BR,BHAGALPUR,KAHALGAON,6429,,
BR,DEOGHAR (DUMKA),NALA,6428,,
BR,DEOGHAR (DUMKA),KATHIKUND,6427,,
BR,DEOGHAR (DUMKA),RAJMAHAL,6426,,
BR,BHAGALPUR,KATORIA,6425,,
BR,BHAGALPUR,BANKA,6424,,
BR,DEOGHAR (DUMKA),MAHESHPUR RAJ,6423,,
BR,DEOGHAR (DUMKA),GODDA,6422,,
BR,BHAGALPUR,NAUGACHIA,6421,,
BR,BHAGALPUR,AMARPUR,6420,,
BR,MONGHYR,JHAJHA,6349,,
BR,MONGHYR,MALLEHPUR,6348,,
BR,MONGHYR,CHAKAI,6347,,
BR,MONGHYR,LAKHISARAI,6346,,
BR,MONGHYR,JAMUI,6345,,
BR,MONGHYR,MONGHYR,6344,,
BR,MONGHYR,H.KHARAGPUR,6342,,
BR,MONGHYR,SEIKHPURA,6341,,
BR,GAYA,ARWAL,6337,,
BR,GAYA,RAJAULI,6336,,
BR,GAYA,NABINAGAR,6332,,
BR,GAYA,IMAMGANJ,6331,,
BR,GAYA,DAUDNAGAR,6328,,
BR,GAYA,RAFIGANJ,6327,,
BR,GAYA,SHERGHATI,6326,,
BR,GAYA,PAKRIBARWAN,6325,,
BR,GAYA,NAWADA,6324,,
BR,ARRAH,DUMRAON,6323,,
BR,GAYA,WAZIRGANJ,6322,,
BR,DARBHANGA,BARAUNI,6279,,
BR,DARBHANGA,DALSINGHSARAI,6278,,
BR,DARBHANGA,PHULPARAS,6277,,
BR,DARBHANGA,MADHUBANI,6276,,
BR,DARBHANGA,ROSERA,6275,,
BR,DARBHANGA,SAMASTIPUR,6274,,
BR,DARBHANGA,JHAJHARPUR,6273,,
BR,DARBHANGA,DARBHANGA,6272,,
BR,DARBHANGA,BENIPATTI,6271,,
BR,MOTIHARI,PAKRIDAYAL,6259,,
BR,MOTIHARI,ARERAJ,6258,,
BR,MOTIHARI,BARACHAKIA,6257,,
BR,MOTIHARI,RAMNAGAR,6256,,
BR,MOTIHARI,RAXAUL,6255,,
BR,MOTIHARI,BETTIAH,6254,,
BR,MOTIHARI,NARKATIAGANJ,6253,,
BR,MOTIHARI,MOTIHARI,6252,,
BR,MOTIHARI,BAGAHA,6251,,
BR,MOTIHARI,DHAKA,6250,,
BR,DARBHANGA,SINGHWARA,6247,,
BR,DARBHANGA,JAINAGAR,6246,,
BR,DARBHANGA,GOGRI,6245,,
BR,DARBHANGA,KHAGARIA,6244,,
BR,DARBHANGA,BEGUSARAI,6243,,
BR,DARBHANGA,BENIPUR,6242,,
BR,MUZAFFARPUR,BIDUPUR,6229,,
BR,MUZAFFARPUR,PUPRI,6228,,
BR,MUZAFFARPUR,MAHUA,6227,,
BR,MUZAFFARPUR,SITAMARHI,6226,,
BR,MUZAFFARPUR,HAJIPUR,6224,,
BR,MUZAFFARPUR,MOTIPUR,6223,,
BR,MUZAFFARPUR,SHEOHAR,6222,,
BR,SASARAM,BHABHUA,6189,,
BR,SASARAM,ROHTAS,6188,,
BR,SASARAM,MOHANIA,6187,,
BR,GAYA,AURANGABAD,6186,,
BR,SASARAM,BIKRAMGANJ,6185,,
BR,SASARAM,SASARAM,6184,,
BR,ARRAH,BUXAR,6183,,
BR,ARRAH,ARRAH,6182,,
BR,ARRAH,PIRO,6181,,
BR,SASARAM,ADHAURA,6180,,
BR,CHAPRA,MASRAKH,6159,,
BR,CHAPRA,SONEPUR,6158,,
BR,CHAPRA,MAIRWA,6157,,
BR,CHAPRA,GOPALGANJ,6156,,
BR,CHAPRA,EKMA,6155,,
BR,CHAPRA,SIWAN,6154,,
BR,CHAPRA,MAHARAJGANJ,6153,,
BR,CHAPRA,CHAPRA,6152,,
BR,CHAPRA,SIDHAWALIA,6151,,
BR,CHAPRA,HATHUA,6150,,
BR,PATNA,BIKRAM,6135,,
BR,PATNA,BARH,6132,,
BR,PATNA,DANAPUR,6115,,
BR,GAYA,JAHANABAD,6114,,
BR,PATNA,BIHARSHARIF,6112,,
BR,PATNA,HILSA,6111,,
UPW,ALMORA,DHARCHULA,5967,,
UPW,ALMORA,RANIKHET,5966,,
UPW,ALMORA,CHAMPAWAT,5965,,
UPW,ALMORA,PITHORAGARH,5964,,
UPW,ALMORA,BAGESHWAR,5963,,
UPW,ALMORA,ALMORA,5962,,
UPW,ALMORA,MUNSIARI,5961,,
UPW,RAMPUR,SHAHABAD,5960,,
UPW,NAINITAL,KICHHA-II (BAZPUR),5949,,
UPW,NAINITAL,KHATIMA-II (SITARGANJ),5948,,
UPW,NAINITAL,KASHIPUR,5947,,
UPW,NAINITAL,HALDWANI-I,5946,,
UPW,NAINITAL,HALDWANI-II (CHORGALIAN),5945,,
UPW,NAINITAL,KICHHA-I (RUDRAPUR),5944,,
UPW,NAINITAL,KHATIMA,5943,,
UPW,NAINITAL,NAINITAL,5942,,
UPW,MORADABAD,HASANPUR,5924,,
UPW,MORADABAD,SAMBHAL,5923,,
UPW,MORADABAD,AMROHA,5922,,
UPW,MORADABAD,BILARI,5921,,
UPW,PILIBHIT,PILIBHIT,5882,,
UPW,PILIBHIT,BISALPUR,5881,,
UPW,PILIBHIT,PURANPUR,5880,,
UPE,LAKHIMPUR KHERI,MOHAMDI-I (MOHAMDI),5876,,
UPE,LAKHIMPUR KHERI,MOHAMDI-II (MAIGALGANJ),5875,,
UPE,LAKHIMPUR KHERI,NIGHASAN-III (DHAURAHRA),5874,,
UPE,LAKHIMPUR KHERI,NIGHASAN-II (TIKONIA),5873,,
UPE,LAKHIMPUR KHERI,KHERI-I (KHERI),5872,,
UPE,LAKHIMPUR KHERI,NIGHASAN-I (PALLIAKALAN),5871,,
UPE,LAKHIMPUR KHERI,KHERI-II (BHIRA),5870,,
UPE,SITAPUR,MISRIKH -I (MISRIKH),5865,,
UPE,SITAPUR,SIDHAULI (MAHMODABAD),5864,,
UPE,SITAPUR,BISWAN,5863,,
UPE,SITAPUR,SITAPUR,5862,,
UPE,SITAPUR,MISRIKH-II (AURANGABAD),5861,,
UPE,HARDOI,BILGRAM-II (SANDI),5855,,
UPE,HARDOI,SANDILA,5854,,
UPE,HARDOI,SHAHABAD,5853,,
UPE,HARDOI,HARDOI-I (HARDOI),5852,,
UPE,HARDOI,BILGAM-I (MADHOGANJ),5851,,
UPE,HARDOI,HARDOI-II (BAGHAVLI),5850,,
UPE,SAHJAHANPUR,POWAYAN,5844,,
UPE,SAHJAHANPUR,JALALABAD,5843,,
UPE,SAHJAHANPUR,SHAHJAHANPUR,5842,,
UPE,SAHJAHANPUR,TILHAR,5841,,
UPW,BADAUN,GUNNAUR,5836,,
UPW,BADAUN,BISAULI,5834,,
UPW,BADAUN,SAHASWAN,5833,,
UPW,BADAUN,BADAUN,5832,,
UPW,BADAUN,DATAGANJ,5831,,
UPW,BAREILLY,NAWABGANJ,5825,,
UPW,BAREILLY,AONLA-II (RAMNAGAR),5824,,
UPW,BAREILLY,AONLA -I,5823,,
UPW,BAREILLY,BAHERI,5822,,
UPW,BAREILLY,PITAMBERPUR,5821,,
UPW,ETAH,JALESAR,5745,,
UPW,ETAH,KASGANJ,5744,,
UPW,ETAH,ETAH,5742,,
UPW,ETAH,ALIGANJ (GANJDUNDWARA),5740,,
UPW,GHAZIABAD,KHURJA,5738,,
UPW,GHAZIABAD,SIYANA,5736,,
UPW,GHAZIABAD,SIKANDRABAD,5735,,
UPW,GHAZIABAD,DEBAI,5734,,
UPW,GHAZIABAD,PAHASU,5733,,
UPW,GHAZIABAD,BULANDSHAHR,5732,,
UPW,GHAZIABAD,GARHMUKTESHWAR,5731,,
UPW,ALIGARH,KHAIR,5724,,
UPW,ALIGARH,ATRAULI,5723,,
UPW,ALIGARH,HATHRAS,5722,,
UPW,ALIGARH,SIKANDRA RAO,5721,,
UPE,FARRUKHABAD,KANNAUJ,5694,,
UPE,FARRUKHABAD,FARRUKHABAD (FATEGARH),5692,,
UPE,FARRUKHABAD,CHHIBRAMAU,5691,,
UPE,FARRUKHABAD,KAIMGANJ,5690,,
UPE,ETAWAH,ETAWAH,5688,,
UPE,ETAWAH,AURAIYA,5683,,
UPE,ETAWAH,BIDHUNA,5681,,
UPE,ETAWAH,BHARTHANA,5680,,
UPE,MAINPURI,KARHAL,5677,,
UPE,MAINPURI,SHIKOHABAD,5676,,
UPE,MAINPURI,BHOGAON,5673,,
UPE,MAINPURI,MAINPURI,5672,,
UPE,MAINPURI,JASRANA,5671,,
UPW,MATHURA,MANT (VRINDAVAN),5664,,
UPW,MATHURA,CHHATA (KOSIKALAN),5662,,
UPW,MATHURA,SADABAD,5661,,
RJ,BHARATPUR,BAYANA,5648,,
RJ,BHARATPUR,BARI,5647,,
RJ,BHARATPUR,BASERI,5646,,
RJ,BHARATPUR,RUPBAS,5645,,
RJ,BHARATPUR,BHARATPUR,5644,,
RJ,BHARATPUR,NADBAI,5643,,
RJ,BHARATPUR,DHOLPUR,5642,,
RJ,BHARATPUR,DEEG,5641,,
RJ,BHARATPUR,KAMAN,5640,,
UPW,AGRA,JARAR,5614,,
UPW,AGRA,ACHHNERA,5613,,
UPW,AGRA,FEROZABAD,5612,,
UPE,DEORIA,DEORIA,5568,,
UPE,DEORIA,CAPTANGANJ-I (CAPTANGANJ),5567,,
UPE,DEORIA,SALEMPUR-I (SALEMPUR),5566,,
UPE,DEORIA,PADRAUNA,5564,,
UPE,DEORIA,CAPTANGANJ (KHADDA),5563,,
UPE,DEORIA,SALEMPUR-II (BARHAJ),5561,,
UPE,BASTI,KHALILABAD-II (MEHDAWAL),5548,,
UPE,BASTI,KHALILABAD -I,5547,,
UPE,BASTI,HARRAIYA,5546,,
UPE,BASTI,BANSI,5545,,
UPE,BASTI,NAUGARH-I (TETRIBAZAR),5544,,
UPE,BASTI,NAUGARH-II (BARHANI),5543,,
UPE,BASTI,BASTI,5542,,
UPE,BASTI,DOMARIYAGANJ,5541,,
UPE,GORAKHPUR,BANSGAON -I (BANSGAON),5525,,
UPE,GORAKHPUR,PHARENDA-II (ANAND NAGAR),5524,,
UPE,GORAKHPUR,MAHARAJGANJ,5523,,
UPE,GORAKHPUR,PHARENDA-I (COMPIERGANJ),5522,,
UPE,GORAKHPUR,BANSGAON-II (BARHAL GANJ),5521,,
UPE,BALLIA,BALLIA-I (BALLIA),5498,,
UPE,GHAZIPUR,ZAMANIA,5497,,
UPE,BALLIA,BALLIA-II (RANIGANJ),5496,,
UPE,GHAZIPUR,SAIDPUR,5495,,
UPE,BALLIA,BANSDEEH,5494,,
UPE,GHAZIPUR,MOHAMDABAD,5493,,
UPE,BALLIA,RASARA,5491,,
UPE,AZAMGARH,SAGRI,5466,,
UPE,AZAMGARH,PHULPUR-II (ATRAWLIA),5465,,
UPE,AZAMGARH,MAUNATHBHANJAN,5464,,
UPE,AZAMGARH,LALGANJ,5463,,
UPE,AZAMGARH,AZAMGARH,5462,,
UPE,AZAMGARH,GHOSI,5461,,
UPE,AZAMGARH,PHULPUR-I (PHULPUR),5460,,
UPE,JAUNPUR,MACHLISHAHAR,5454,,
UPE,JAUNPUR,SHAHGANJ,5453,,
UPE,JAUNPUR,JAUNPUR,5452,,
UPE,JAUNPUR,MARIYAHU,5451,,
UPE,JAUNPUR,KERAKAT,5450,,
UPE,MIRZAPUR,DUDHI-I (DUDHI),5447,,
UPE,MIRZAPUR,DUDHI-II (PIPRI),5446,,
UPE,MIRZAPUR,ROBERTSGANJ -II (OBRA),5445,,
UPE,MIRZAPUR,ROBERTSGANJ-I,5444,,
UPE,MIRZAPUR,CHUNUR,5443,,
UPE,MIRZAPUR,MIRZAPUR-I (MIRZAPUR),5442,,
UPE,MIRZAPUR,MIRZAPUR-II (HALLIA),5440,,
UPE,VARANSI,BHADOHI,5414,,
UPE,VARANSI,CHAKIA,5413,,
UPE,VARANSI,CHANDAULI (MUGALSARAI),5412,,
UPE,SULTANPUR,AMETHI,5368,,
UPE,SULTANPUR,KADIPUR,5364,,
UPE,SULTANPUR,SULTANPUR,5362,,
UPE,SULTANPUR,MUSAFIRKHANA,5361,,
UPE,PRATAPGARH,PATTI,5343,,
UPE,PRATAPGARH,PRATAPGARH,5342,,
UPE,PRATAPGARH,KUNDA,5341,,
UPE,ALLAHABAD,SORAON,5335,,
UPE,ALLAHABAD,MEJA (SIRSA),5334,,
UPE,ALLAHABAD,KARCHHANA (SHANKERGARH),5333,,
UPE,ALLAHABAD,PHOOLPUR,5332,,
UPE,ALLAHABAD,BHARWARI,5331,,
UPE,RAIBAREILLY,DALMAU-I (DALMAU),5317,,
UPE,RAIBAREILLY,DALMAU-II (LALGANJ),5315,,
UPE,RAIBAREILLY,SALON-II (JAIS),5313,,
UPE,RAIBAREILLY,SALON -I (SALON),5311,,
UPE,HAMIRPUR,MAUDAHA,5284,,
UPE,HAMIRPUR,CHARKHARI,5283,,
UPE,HAMIRPUR,HAMIRPUR,5282,,
UPE,HAMIRPUR,MAHOBA,5281,,
UPE,HAMIRPUR,RATH,5280,,
UPE,FAIZABAD,FAIZABAD,5278,,
UPE,FAIZABAD,AKBARPUR-II (JALALPUR),5275,,
UPE,FAIZABAD,TANDA-II (BASKHARI),5274,,
UPE,FAIZABAD,TANDAI-I (TANDA),5273,,
UPE,FAIZABAD,AKBARPUR-I (AKBARPUR),5271,,
UPE,FAIZABAD,BIKAPUR,5270,,
UPE,GONDA,UTRAULA,5265,,
UPE,GONDA,BALARAMPUR-II (TULSIPUR),5264,,
UPE,GONDA,BALARAMPUR-I (BALRAMPUR),5263,,
UPE,GONDA,GONDA,5262,,
UPE,GONDA,TARABGANJ-II (COLONELGANJ),5261,,
UPE,GONDA,TARABGANJ-I (TERABGANJ),5260,,
UPE,BAHRAICH,KAISARGANH-II (MAHASI),5255,,
UPE,BAHRAICH,NANPARAH-II (MIHINPURWA),5254,,
UPE,BAHRAICH,NANPARA-I (NANPARA),5253,,
UPE,BAHRAICH,BAHRAICH-I (BAHRAILH),5252,,
UPE,BAHRAICH,KAISARGANJ-I (KAISERGANJ),5251,,
UPE,BAHRAICH,BAHRAICH-II (BHINGA),5250,,
UPE,BARABANKI,BARABANKI,5248,,
UPE,BARABANKI,HAIDERGARH,5244,,
UPE,BARABANKI,RAMSANEHI GHAT,5241,,
UPE,BARABANKI,FATEHPUR,5240,,
UPE,LUCKNOW,MALIHABAD,5212,,
UPE,BANDA,KARVI -I (KARVI),5198,,
UPE,BANDA,MAU (RAJAPUR),5195,,
UPE,BANDA,KARVI-II (MANIKPUR),5194,,
UPE,BANDA,BANDA,5192,,
UPE,BANDA,NARAINI (ATTARRA),5191,,
UPE,BANDA,BABERU,5190,,
UPE,FATEHPUR,FATEHPUR-II (GAZIPUR),5183,,
UPE,FATEHPUR,KHAGA,5182,,
UPE,FATEHPUR,BINDKI,5181,,
UPE,FATEHPUR,FATEH-PUR-I (FATEHPUR),5180,,
UPE,JHANSI,MAURANIPUR,5178,,
UPE,JHANSI,LALITPUR-I (LALITPUR),5176,,
UPE,JHANSI,LALITPUR-II (TALBEHAT),5175,,
UPE,JHANSI,JHANSI,5174,,
UPE,JHANSI,MEHRAUN,5172,,
UPE,JHANSI,GARAUTH,5171,,
UPE,JHANSI,CHIRGAON (MOTH),5170,,
UPE,ORAI,JALAUN,5168,,
UPE,ORAI,KONCH,5165,,
UPE,ORAI,KALPI,5164,,
UPE,ORAI,ORAI,5162,,
UPE,UNNAO,SAFIPUR,5144,,
UPE,UNNAO,HASANGANJ,5143,,
UPE,UNNAO,PURWA (BIGHAPUR),5142,,
UPE,KANPUR,GHATAMPUR,5115,,
UPE,KANPUR,DERAPUR (JHINJAK),5114,,
UPE,KANPUR,BHOGNIPUR (PAKHRAYAN),5113,,
UPE,KANPUR,BILHAUR,5112,,
UPE,KANPUR,AKBARPUR,5111,,
KL,CANNANORE,UPPALA,4998,,
KL,CANNANORE,KANHANGAD,4997,,
KL,CANNANORE,KASARGODE,4994,,
KL,CANNANORE,PAYYANUR,4985,,
KL,CANNANORE,TALIPARAMBA,4982,,
KL,CALICUT (KOZHIKODE),KALPETTA,4936,,
KL,CALICUT (KOZHIKODE),MANANTHODY,4935,,
KL,CALICUT (KOZHIKODE),PERINTHALMANNA,4933,,
KL,CALICUT (KOZHIKODE),NILAMBUR,4931,,
KL,PALGHAT,SHORANUR,4926,,
KL,PALGHAT,MANNARGHAT,4924,,
KL,PALGHAT,KODUVAYUR,4923,,
KL,PALGHAT,ALATHUR,4922,,
KL,KAVARATHY,CHETLAT,4899,,
KL,KAVARATHY,KILTAN,4898,,
KL,KAVARATHY,KADAMATH,4897,,
KL,KAVARATHY,KAVARATHY,4896,,
KL,KAVARATHY,KALPENI,4895,,
KL,KAVARATHY,AGATHY,4894,,
KL,KAVARATHY,ANDROTH,4893,,
KL,KAVARATHY,MINICOY,4892,,
KL,KAVARATHY,AMINI,4891,,
KL,KAVARATHY,BITRA,4890,,
KL,TRICHUR,KUNNAMKULAM,4885,,
KL,TRICHUR,VADAKKANCHERY,4884,,
KL,ERNAKULAM,PEERMEDU,4869,,
KL,ERNAKULAM,NEDUMGANDAM,4868,,
KL,ERNAKULAM,MUNNAR,4865,,
KL,ERNAKULAM,ADIMALY,4864,,
KL,ERNAKULAM,THODUPUZHA,4862,,
KL,KOTTAYAM,VAIKOM,4829,,
KL,KOTTAYAM,KANJIRAPALLY,4828,,
KL,KOTTAYAM,PALAI,4822,,
KL,TIRUVALLA,RANNI,4735,,
KL,TIRUVALLA,ADOOR,4734,,
KL,TIRUVALLA,PATHANAMTHITTA,4733,,
KL,THIRUVANANTHAPURAM,NEDUMANDAD,4728,,
TN,NAGARCOIL,NAGERCOIL,4652,,
TN,NAGARCOIL,KUZHITHURAI,4651,,
TN,TUTICORIN,TIRUCHENDUR,4639,,
TN,TUTICORIN,VILATHIKULAM,4638,,
TN,TIRUNELVELLI,VALLIYOOR,4637,,
TN,TIRUNELVELLI,SANKARAN KOIL,4636,,
TN,TIRUNELVELLI,NANGUNERI,4635,,
TN,TIRUNELVELLI,AMBASAMUDRAM,4634,,
TN,TIRUNELVELLI,TENKASI,4633,,
TN,TUTICORIN,KOVILPATTI,4632,,
TN,TUTICORIN,SRIVAIKUNDAM,4630,,
TN,KARAIKUDI,TIRUPATHUR,4577,,
TN,KARAIKUDI,MUDUKULATHUR,4576,,
TN,KARAIKUDI,SIVAGANGA,4575,,
TN,KARAIKUDI,MANAMADURAI,4574,,
TN,KARAIKUDI,RAMESHWARAM,4573,,
TN,KARAIKUDI,RAMANATHPURAM,4567,,
TN,VIRUDHUNAGAR,ARUPPUKOTTAI,4566,,
TN,KARAIKUDI,KARAIKUDI,4565,,
TN,KARAIKUDI,PARAMAKUDI,4564,,
TN,VIRUDHUNAGAR,RAJAPALAYAM,4563,,
TN,VIRUDHUNAGAR,VIRUDHUNAGAR,4562,,
TN,KARAIKUDI,DEVAKOTTAI,4561,,
TN,MADURAI,CUMBUM,4554,,
TN,MADURAI,ODDANCHATRAM,4553,,
TN,MADURAI,USILIAMPATTI,4552,,
TN,MADURAI,VEDASANDUR,4551,,
TN,MADURAI,THIRUMANGLAM,4549,,
TN,MADURAI,THENI,4546,,
TN,MADURAI,PALANI,4545,,
TN,MADURAI,NATHAM,4544,,
TN,MADURAI,BATLAGUNDU,4543,,
TN,MADURAI,KODAIKANAL,4542,,
TN,THANJAVUR,PAPANASAM,4374,,
TN,THANJAVUR,PATTUKOTTAI,4373,,
TN,THANJAVUR,ORATHANAD,4372,,
TN,TRICHY,ARANTANGI,4371,,
TN,THANJAVUR,THIRURAIPOONDI,4369,,
TN,THANJAVUR,KARAIKAL,4368,,
TN,THANJAVUR,MANNARGUDI,4367,,
TN,THANJAVUR,TIRUVARUR,4366,,
TN,THANJAVUR,NAGAPATTINAM,4365,,
TN,THANJAVUR,MAYILADUTHURAI,4364,,
TN,THANJAVUR,THANJAVUR,4362,,
TN,DHARMAPURI,PALACODE,4348,,
TN,DHARMAPURI,DENKANIKOITAH,4347,,
TN,DHARMAPURI,HARUR,4346,,
TN,DHARMAPURI,HOSUR,4344,,
TN,DHARMAPURI,KRISHNAGIRI,4343,,
TN,DHARMAPURI,DHARMAPURI,4342,,
TN,DHARMAPURI,UTHANGARAI,4341,,
TN,TRICHY,KEERANUR,4339,,
TN,TRICHY,PONNAMARAVATHI,4333,,
TN,TRICHY,MANAPARAI,4332,,
TN,TRICHY,JAYAMKONDAN,4331,,
TN,TRICHY,ARIYALUR,4329,,
TN,TRICHY,PERAMBALUR,4328,,
TN,TRICHY,THURAIYURE,4327,,
TN,TRICHY,MUSIRI,4326,,
TN,TRICHY,KARUR,4324,,
TN,TRICHY,KULITHALAI,4323,,
TN,TRICHY,PUDUKKOTTAI,4322,,
TN,TRICHY,ARAVAKURICHI,4320,,
TN,SALEM,METTURDAM,4298,,
TN,COIMBATORE,AVANASHI,4296,,
TN,ERODE,SATHIYAMANGALAM,4295,,
TN,ERODE,PERUNDURAI,4294,,
TN,SALEM,VALAPADY,4292,,
TN,SALEM,OMALUR,4290,,
TN,SALEM,TIRUCHENGODE,4288,,
TN,SALEM,RASIPURAM,4287,,
TN,SALEM,NAMAKKAL,4286,,
TN,ERODE,GOBICHETTIPALAYAM,4285,,
TN,SALEM,SANKAGIRI,4283,,
TN,SALEM,ATTUR,4282,,
TN,SALEM,YERCAUD,4281,,
TN,SALEM,VELUR,4268,,
TN,OOTY,KOTAGIRI,4266,,
TN,OOTY,GUDALUR,4262,,
TN,COIMBATORE,POLLACHI,4259,,
TN,ERODE,DHARAMPURAM,4258,,
TN,ERODE,KANGAYAM,4257,,
TN,ERODE,BHAVANI,4256,,
TN,COIMBATORE,PALLADUM,4255,,
TN,COIMBATORE,METTUPALAYAM,4254,,
TN,COIMBATORE,ANAMALAI,4253,,
TN,COIMBATORE,UDUMALPET,4252,,
TN,ERODE,KODUMUDI,4204,,
TN,ERODE,MULANUR,4202,,
TN,VELLORE,CHENGAM,4188,,
TN,VELLORE,WANDIWASH,4183,,
TN,VELLORE,TIRUVETTIPURAM,4182,,
TN,VELLORE,POLUR,4181,,
TN,VELLORE,TIRUPATTUR,4179,,
TN,VELLORE,ARKONAM,4177,,
TN,VELLORE,TIRUVANNAMALAI,4175,,
TN,VELLORE,VANIYAMBADI,4174,,
TN,VELLORE,ARNI,4173,,
TN,VELLORE,RANIPET,4172,,
TN,VELLORE,GUDIYATHAM,4171,,
TN,CUDDALORE,ARAKANDANALLUR,4153,,
TN,CUDDALORE,KALLKURICHI,4151,,
TN,CUDDALORE,ULUNDURPET,4149,,
TN,CUDDALORE,TINDIVANAM,4147,,
TN,CUDDALORE,VILLUPURAM,4146,,
TN,CUDDALORE,GINGEE,4145,,
TN,CUDDALORE,CHIDAMBARAM,4144,,
TN,CUDDALORE,VIRUDHACHALAM,4143,,
TN,CUDDALORE,CUDDALORE,4142,,
TN,CHENGALPATTU (KANCHEEPURAM),PONNERI,4119,,
TN,CHENGALPATTU (KANCHEEPURAM),TIRUTTANI,4118,,
TN,CHENGALPATTU (KANCHEEPURAM),TIRUVELLORE,4116,,
TN,CHENGALPATTU (KANCHEEPURAM),MADURANTAGAM,4115,,
TN,CHENGALPATTU (KANCHEEPURAM),CHENGALPATTU,4114,,
TN,CHENGALPATTU (KANCHEEPURAM),KANCHEEPURAM,4112,,
TN,CHENGALPATTU (KANCHEEPURAM),SRIPERUMPUDUR,4111,,
NE,MANIPUR (IMPHAL),SADARHILLS (KANGPOKAI),3880,,
NE,MANIPUR (IMPHAL),BISHENPUR,3879,,
NE,MANIPUR (IMPHAL),CHAKPIKARONG,3878,,
NE,MANIPUR (IMPHAL),TAMENGLONG,3877,,
NE,MANIPUR (IMPHAL),JIRIBAM,3876,,
NE,MANIPUR (IMPHAL),CHURCHANDPUR,3874,,
NE,MANIPUR (IMPHAL),THINGHAT,3873,,
NE,MANIPUR (IMPHAL),CHANDEL,3872,,
NE,MANIPUR (IMPHAL),MAO (KORANG),3871,,
NE,MANIPUR (IMPHAL),UKHRURSOUTH (KASSEMKHULEN),3870,,
NE,NAGALAND (KOHIMA),MON,3869,,
NE,NAGALAND (KOHIMA),ZUENHEBOTO,3867,,
NE,NAGALAND (KOHIMA),PHEK,3865,,
NE,NAGALAND (KOHIMA),KIPHIRE,3863,,
NE,NAGALAND (KOHIMA),DIMAPUR,3862,,
NE,NAGALAND (KOHIMA),TUENGSANG,3861,,
NE,NAGALAND (KOHIMA),WOKHA,3860,,
NE,MANIPUR (IMPHAL),THONBAL,3848,,
NE,MANIPUR (IMPHAL),UKHRUL CENTRAL,3845,,
AS,SILCHAR,HAILAKANDI,3844,,
AS,SILCHAR,KARIMGANJ,3843,,
AS,SILCHAR,SILCHAR,3842,,
AS,SILCHAR,VDARBONDH,3841,,
NE,NAGALAND (KOHIMA),JALUKIE,3839,,
NE,MIZORAM (AIZWAL),AIZWAL-II (SERCHIP),3838,,
NE,MIZORAM (AIZWAL),KOLASIB,3837,,
NE,MIZORAM (AIZWAL),SAIHA-II (TUIPANG),3836,,
NE,MIZORAM (AIZWAL),SAIHA-I,3835,,
NE,MIZORAM (AIZWAL),DEMAGIRI,3834,,
NE,MIZORAM (AIZWAL),CHAMPA-I,3831,,
NE,MIZORAM (AIZWAL),CHAMPAI-II (CHIAPUI),3830,,
NE,TRIPURA (AGARTALA),AMBASA,3826,,
NE,TRIPURA (AGARTALA),KHOWAI,3825,,
NE,TRIPURA (AGARTALA),KAILSAHAR,3824,,
NE,TRIPURA (AGARTALA),BELONIA,3823,,
NE,TRIPURA (AGARTALA),DHARAM NAGAR,3822,,
NE,TRIPURA (AGARTALA),R.K.PUR,3821,,
NE,ARUNACHAL PRADESH (ZERO),SAGALEE,3809,,
NE,ARUNACHAL PRADESH (ZERO),CHANGLANG,3808,,
NE,ARUNACHAL PRADESH (ZERO),MIAO,3807,,
NE,ARUNACHAL PRADESH (ZERO),CHOWKHEM,3806,,
NE,ARUNACHAL PRADESH (ZERO),HAYULIANG,3805,,
NE,ARUNACHAL PRADESH (ZERO),TEZU,3804,,
NE,ARUNACHAL PRADESH (ZERO),ROING-I,3803,,
NE,ARUNACHAL PRADESH (ZERO),ROING-II (ARDA),3802,,
NE,ARUNACHAL PRADESH (ZERO),ANINI,3801,,
NE,ARUNACHAL PRADESH (ZERO),JAIRAMPUR,3800,,
NE,ARUNACHAL PRADESH (ZERO),TUTING,3799,,
NE,ARUNACHAL PRADESH (ZERO),MARIYANG,3798,,
NE,ARUNACHAL PRADESH (ZERO),PANGIN,3797,,
NE,ARUNACHAL PRADESH (ZERO),BASAR,3795,,
NE,ARUNACHAL PRADESH (ZERO),TAWANG,3794,,
NE,ARUNACHAL PRADESH (ZERO,MECHUKA,3793,,
NE,ARUNACHAL PRADESH (ZERO),DAPORIZO,3792,,
NE,ARUNACHAL PRADESH (ZERO),TALIHA,3791,,
NE,ARUNACHAL PRADESH (ZERO),TALI,3790,,
NE,ARUNACHAL PRADESH (ZERO),HURI,3789,,
NE,ARUNACHAL PRADESH (ZERO),KOLARING,3788,,
NE,ARUNACHAL PRADESH (ZERO),SEPPA,3787,,
NE,ARUNACHAL PRADESH (ZERO),KHONSA,3786,,
NE,ARUNACHAL PRADESH (ZERO),BAMENG,3785,,
NE,ARUNACHAL PRADESH (ZERO),NEFRA,3784,,
NE,ARUNACHAL PRADESH (ZERO),ALONG,3783,,
NE,ARUNACHAL PRADESH (ZERO),KALAKTUNG (BOMDILA),3782,,
NE,ARUNACHAL PRADESH (ZERO),DIRANG,3780,,
NE,ARUNACHAL PRADESH (ZERO),ROING-III (MARISO),3779,,
NE,ARUNACHAL PRADESH (ZERO),PAKKEKESANG,3778,,
NE,ARUNACHAL PRADESH (ZERO),YANGKIYANG,3777,,
AS,JORHAT,BOKAKHAT,3776,,
AS,JORHAT,MAJULI,3775,,
AS,JORHAT,GOLAGHAT,3774,,
AS,JORHAT,SIBSAGAR,3772,,
AS,JORHAT,MARIANI,3771,,
AS,TINSUKIA (DIBRUGARH),BIHUPURIA,3759,,
AS,TINSUKIA (DIBRUGARH),DHAKUAKHANA,3758,,
AS,TINSUKIA (DIBRUGARH),SADIYA,3756,,
AS,TINSUKIA (DIBRUGARH),MORANHAT,3754,,
AS,TINSUKIA (DIBRUGARH),DHEMAJI,3753,,
AS,TINSUKIA (DIBRUGARH),NORTH LAKHIMPUR,3752,,
AS,TINSUKIA (DIBRUGARH),DIGBOI,3751,,
AS,TEZPUR,GOHPUR,3715,,
AS,TEZPUR,RANGAPARA,3714,,
AS,TEZPUR,MANGALDOI,3713,,
AS,TEZPUR,TEZPUR,3712,,
AS,TEZPUR,UDALGURI,3711,,
AS,NAGAON,MORIGAON,3678,,
AS,NAGAON,BAITHALANGSHU,3677,,
AS,NAGAON,HOWRAGHAT,3676,,
AS,NAGAON,BOKAJAN,3675,,
AS,NAGAON,HOJAI,3674,,
AS,NAGAON,HAFLONG,3673,,
AS,NAGAON,NAGAON,3672,,
AS,NAGAON,DIPHU,3671,,
AS,NAGAON,MAIBONG,3670,,
AS,BONGAIGAON (KOKRAJHAR),ABHAYAPURI,3669,,
AS,BONGAIGAON (KOKRAJHAR),BIJNI,3668,,
AS,BONGAIGAON (KOKRAJHAR),BILASIPARA,3667,,
AS,GUWAHATI,BARPETA ROAD,3666,,
AS,GUWAHATI,TARABARIHAT,3665,,
AS,GUWAHATI,HAJO,3664,,
AS,BONGAIGAON (KOKRAJHAR),GOALPARA,3663,,
AS,BONGAIGAON (KOKRAJHAR),DHUBRI,3662,,
AS,BONGAIGAON (KOKRAJHAR),KOKRAJHAR,3661,,
NE,MEGHALAYA (SHILLONG),RESUBELPARA (MENDIPATHAR),3659,,
NE,MEGHALAYA (SHILLONG),WILLIAMNAGAR,3658,,
NE,MEGHALAYA (SHILLONG),MAIRANG,3657,,
NE,MEGHALAYA (SHILLONG),MAWKYRWAT,3656,,
NE,MEGHALAYA (SHILLONG),KHLIEHRIAT,3655,,
NE,MEGHALAYA (SHILLONG),NONGSTOIN,3654,,
NE,MEGHALAYA (SHILLONG),AMLAREN (DAWKI),3653,,
NE,MEGHALAYA (SHILLONG),JOWAI,3652,,
NE,MEGHALAYA (SHILLONG),TURA,3651,,
NE,MEGHALAYA (SHILLONG),DADENGIRI (PHULBARI),3650,,
NE,MEGHALAYA (SHILLONG),BAGHMARA,3639,,
NE,MEGHALAYA (SHILLONG),NONGPOH,3638,,
NE,MEGHALAYA (SHILLONG),CHERRAPUNJEE,3637,,
AS,GUWAHATI,NALBARI,3624,,
AS,GUWAHATI,BARAMA,3623,,
AS,GUWAHATI,BOKO,3621,,
WB,GANGTOK,GAUZING (NAYABAZAR),3595,,
WB,GANGTOK,GANGTOK,3592,,
WB,COOCHBEHAR,MEKHLIGANJ,3584,,
WB,COOCHBEHAR,MATHABHANGA,3583,,
WB,COOCHBEHAR,COOCHBEHAR,3582,,
WB,COOCHBEHAR,DINHATA,3581,,
WB,JALPAIGURI,KALCHINI,3566,,
WB,JALPAIGURI,NAGARAKATA,3565,,
WB,JALPAIGURI,ALIPURDUAR,3564,,
WB,JALPAIGURI,BIRPARA,3563,,
WB,JALPAIGURI,MAL BAZAR,3562,,
WB,JALPAIGURI,JALPAIGURI,3561,,
WB,DARJEELING (SILIGURI),KALIMPONG,3552,,
WB,BALURGHAT (RAIGANJ),ISLAMPUR (ND),3526,,
WB,BALURGHAT (RAIGANJ),DALKHOLA,3525,,
WB,BALURGHAT (RAIGANJ),HARIRAMPUR,3524,,
WB,BALURGHAT (RAIGANJ),RAIGANJ,3523,,
WB,BALURGHAT (RAIGANJ),BALURGHAT,3522,,
WB,BALURGHAT (RAIGANJ),GANGARAMPUR,3521,,
WB,MALDA,HARISHCHANDRAPUR,3513,,
WB,MALDA,MALDA,3512,,
WB,MALDA,BUBULCHANDI,3511,,
WB,BERHAMPUR,DHULIYAN,3485,,
WB,BERHAMPUR,KANDI,3484,,
WB,BERHAMPUR,MURSHIDABAD (JIAGANJ),3483,,
WB,BERHAMPUR,BERHAMPUR,3482,,
WB,BERHAMPUR,ISLAMPUR (M),3481,,
WB,KRISHNANAGAR,BETHUADAHARI,3474,,
WB,KRISHNANAGAR,RANAGHAT,3473,,
WB,KRISHNANAGAR,KRISHNA NAGAR,3472,,
WB,KRISHNANAGAR,KARIMPUR,3471,,
WB,SURI,NALHATI,3465,,
WB,SURI,BOLPUR,3463,,
WB,SURI,SURI,3462,,
WB,SURI,RAMPUR HAT,3461,,
WB,ASANSOL,KALNA,3454,,
WB,ASANSOL,KATWA,3453,,
WB,ASANSOL,GUSKARA,3452,,
WB,ASANSOL,SEHARABAZAR,3451,,
WB,PURULIA,JHALDA,3254,,
WB,PURULIA,MANBAZAR,3253,,
WB,PURULIA,PURULIA,3252,,
WB,PURULIA,ADRA,3251,,
WB,BANKURA,BISHNUPUR,3244,,
WB,BANKURA,KHATRA,3243,,
WB,BANKURA,BANKURA,3242,,
WB,BANKURA,GANGAJALGHATI,3241,,
WB,MIDNAPUR (KHARAGPUR),DANTAN,3229,,
WB,MIDNAPUR (KHARAGPUR),TAMLUK,3228,,
WB,MIDNAPUR (KHARAGPUR),AMLAGORA,3227,,
WB,MIDNAPUR (KHARAGPUR),GHATAL,3225,,
WB,MIDNAPUR (KHARAGPUR),HALDIA,3224,,
WB,MIDNAPUR (KHARAGPUR),NAYAGARH (KULTIKRI),3223,,
WB,MIDNAPUR (KHARAGPUR),KHARAGPUR,3222,,
WB,MIDNAPUR (KHARAGPUR),JHARGRAM,3221,,
WB,MIDNAPUR (KHARAGPUR),CONTAI,3220,,
WB,KOLKATA,CANNING,3218,,
WB,KOLKATA,BASIRHAT,3217,,
WB,KOLKATA,HABRA,3216,,
WB,KOLKATA,BONGOAN,3215,,
WB,KOLKATA,JAGATBALLAVPUR,3214,,
WB,KOLKATA,DHANIAKHALI,3213,,
WB,KOLKATA,CHAMPADANGA,3212,,
WB,KOLKATA,ARAMBAG,3211,,
WB,KOLKATA,KAKDWIP,3210,,
AN,ANDAMAN & NICOBAR,NICOBAR ISLANDS,3193,,
AN,ANDAMAN & NICOBAR,ANDAMAN ISLANDS,3192,,
WB,KOLKATA,DIAMOND HARBOUR,3174,,
RJ,JAISALMER,POKRAN-5 (PHALSOOND),3019,,
RJ,JAISALMER,JAISALMER-2 (SADHNA),3018,,
RJ,JAISALMER,POKRAN-2 (MADASAR),3017,,
RJ,JAISALMER,JAISALMER-14 (JHEENJANIYALI),3016,,
RJ,JAISALMER,JAISALMER-13 (MYAJLAR),3015,,
RJ,JAISALMER,JAISALMER-10 (KHURI),3014,,
RJ,JAISALMER,JAISALMER-9 (DHANAUA),3013,,
RJ,JAISALMER,JAISALMER-8 (MEHSANA),3012,,
RJ,JAISALMER,JAISALMER-6 (PASEWAR),3011,,
RJ,JAISALMER,JAISALMER-4 (SHAHGARH),3010,,
RJ,JAISALMER,JAISALMER-3 (NEHDAI),2999,,
RJ,JAISALMER,JAISALMER-5 (KHUIYALS),2998,,
RJ,JAISALMER,JAISALMER-7 (MOHARGARH),2997,,
RJ,JAISALMER,POKRAN-3 (LOHARKI),2996,,
RJ,JAISALMER,POKRAN-1 (NACHNA),2995,,
RJ,JAISALMER,POKRAN-4 (POKRAN),2994,,
RJ,JAISALMER,JAISALMER-12 (DEVIKOT),2993,,
RJ,JAISALMER,JAISALMER-11 (JAISALMER),2992,,
RJ,JAISALMER,JAISALMER-1 (RAMGARH),2991,,
RJ,SIROHI (ABU ROAD),BHINMAL (S) (JASAWANTPURA),2990,,
RJ,BARMER,CHOHTAN (N),2989,,
RJ,BARMER,PACHPADRA (W) (BALOTRA),2988,,
RJ,BARMER,SHEO (E),2987,,
RJ,BARMER,BARMER (SW) (DHORIMANNA),2986,,
RJ,BARMER,BARMER (W) (RAMSAR),2985,,
RJ,BARMER,BARMER (S) SINDARI,2984,,
RJ,BARMER,BARMER (E) (GUDDA),2983,,
RJ,BARMER,BARMER(C),2982,,
RJ,BARMER,SHEO (W) (HARSANI),2981,,
RJ,BARMER,PACHPADRA (E) (KORNA),2980,,
RJ,SIROHI (ABU ROAD),SANCHORE (E),2979,,
RJ,SIROHI (ABU ROAD),AHORE,2978,,
RJ,SIROHI (ABU ROAD),JALORE (W) (SAYLA),2977,,
RJ,SIROHI (ABU ROAD),SHEOGANJ (POSALIYAN),2976,,
RJ,SIROHI (ABU ROAD),REODAR,2975,,
RJ,SIROHI (ABU ROAD),ABU ROAD,2974,,
RJ,SIROHI (ABU ROAD),JALORE,2973,,
RJ,SIROHI (ABU ROAD),SIROHI,2972,,
RJ,SIROHI (ABU ROAD),PINDWARA,2971,,
RJ,SIROHI (ABU ROAD),SANCHORE (W) (HADECHA),2970,,
RJ,SIROHI (ABU ROAD),BHINMAL (N),2969,,
RJ,BANSWARA,BAGIDORA,2968,,
RJ,BANSWARA,ASPUR,2967,,
RJ,BANSWARA,SAGWARA,2966,,
RJ,BANSWARA,KUSHALGARH,2965,,
RJ,BANSWARA,DUNGARPUR,2964,,
RJ,BANSWARA,GERHI (PARTAPUR),2963,,
RJ,BANSWARA,BANSWARA,2962,,
RJ,BANSWARA,GHATOL,2961,,
RJ,PALI (MARWAR),SOJAT (SOJAT-CITY),2960,,
RJ,UDAIPUR,JHADOL,2959,,
RJ,UDAIPUR,KOTRA,2958,,
RJ,UDAIPUR,VALLABHNAGAR,2957,,
RJ,UDAIPUR,GOGUNDA,2956,,
RJ,UDAIPUR,MALVI (FATEHNAGAR),2955,,
RJ,UDAIPUR,KUMBALGARH (CHARBHUJAJI),2954,,
RJ,UDAIPUR,NATHDWARA,2953,,
RJ,UDAIPUR,RAJSAMAND (KANKORLI),2952,,
RJ,UDAIPUR,BHIM (N),2951,,
RJ,UDAIPUR,DHARIAWAD,2950,,
RJ,PALI (MARWAR),JAITARAN,2939,,
RJ,PALI (MARWAR),BALI (S),2938,,
RJ,PALI (MARWAR),RAIPUR,2937,,
RJ,PALI (MARWAR),PALI (N) (ROHAT),2936,,
RJ,PALI (MARWAR),MARWAR-Jn,2935,,
RJ,PALI (MARWAR),DESURI (RANI),2934,,
RJ,PALI (MARWAR),BALI (N)  (SUMERPUR),2933,,
RJ,PALI (MARWAR),PALI (S),2932,,
RJ,JODHPUR,JODHPUR (W) (JHANWAR),2931,,
RJ,JODHPUR,BILARA (S) (PIPARCITY),2930,,
RJ,JODHPUR,SHERGARH (N) (BALESAR),2929,,
RJ,JODHPUR,SHERGARH (N) (DEECHU),2928,,
RJ,JODHPUR,OSIAN (E) (DHANWARA),2927,,
RJ,JODHPUR,OSIAN (S) (MATHANIA),2926,,
RJ,JODHPUR,PHALODI (S),2925,,
RJ,JODHPUR,PHALODI (W) (BAROO),2924,,
RJ,JODHPUR,PHALODI (E) (LOHAWAT),2923,,
RJ,JODHPUR,OSIAN (N),2922,,
RJ,JODHPUR,PHALODI (N) (BAP),2921,,
RJ,JODHPUR,BILARA (N) (BHOPALGARH),2920,,
RJ,UDAIPUR,BHIM (S) (DAWER),2909,,
RJ,UDAIPUR,AMET,2908,,
RJ,UDAIPUR,KHERWARA,2907,,
RJ,UDAIPUR,SALUMBER,2906,,
RJ,UDAIPUR,SARADA (CHAWAND),2905,,
RJ,UDAIPUR,DEOGARH,2904,,
RJ,BARMER,CHOHTAN (S) (GANGASAR),2903,,
RJ,BARMER,BARMER (N) (KANOT),2902,,
RJ,BARMER,SIWANA (W),2901,,
RJ,BARMER,SIWANA (E) (SAMDARI),2900,,
GJ,JAMNAGAR,JAMJODHPUR,2898,,
GJ,JAMNAGAR,DHROL,2897,,
GJ,JAMNAGAR,BHANVAD,2896,,
GJ,JAMNAGAR,LALPUR,2895,,
GJ,JAMNAGAR,KALAWAD,2894,,
GJ,JAMNAGAR,JODIA,2893,,
GJ,JAMNAGAR,OKHA,2892,,
GJ,JAMNAGAR,JAMKALYANPUR,2891,,
GJ,JUNAGARH,MANGROL,2878,,
GJ,JUNAGARH,TALALA,2877,,
GJ,JUNAGARH,VERAVAL,2876,,
GJ,JUNAGARH,UNA-DIU,2875,,
GJ,JUNAGARH,MANAVADAR,2874,,
GJ,JUNAGARH,VISAVADAR,2873,,
GJ,JUNAGARH,VANTHALI,2872,,
GJ,JUNAGARH,KESHOD,2871,,
GJ,JUNAGARH,MALIA-HATINA,2870,,
GJ,BHAVNAGAR,BOTAD,2849,,
GJ,BHAVNAGAR,PALITANA,2848,,
GJ,BHAVNAGAR,GADHADA,2847,,
GJ,BHAVNAGAR,SIHOR,2846,,
GJ,AMRELI,SAVARKUNDLA,2845,,
GJ,BHAVNAGAR,MAHUVA,2844,,
GJ,BHAVNAGAR,GARIADHAR,2843,,
GJ,BHAVNAGAR,TALAJA,2842,,
GJ,BHAVNAGAR,VALLABHIPUR,2841,,
GJ,BHUJ,LAKHPAT,2839,,
GJ,BHUJ,MUNDRA,2838,,
GJ,BHUJ,BHACHAV,2837,,
GJ,BHUJ,ANJAR (GANDHIDHAM),2836,,
GJ,BHUJ,NAKHATRANA,2835,,
GJ,BHUJ,KUTCHMANDVI,2834,,
GJ,JAMNAGAR,KHAMBHALIA,2833,,
GJ,BHUJ,BHUJ,2832,,
GJ,BHUJ,NALIA,2831,,
GJ,BHUJ,RAHPAR,2830,,
GJ,RAJKOT,MALIYA MIYANA,2829,,
GJ,RAJKOT,WANKANER,2828,,
GJ,RAJKOT,KOTDASANGHANI,2827,,
GJ,RAJKOT,UPLETA,2826,,
GJ,RAJKOT,GONDAL,2825,,
GJ,RAJKOT,DHORAJI,2824,,
GJ,RAJKOT,JETPUR,2823,,
GJ,RAJKOT,MORVI,2822,,
GJ,RAJKOT,JASDAN,2821,,
GJ,RAJKOT,PADDHARI,2820,,
GJ,BHUJ,SUMRASAR,2808,,
GJ,BHUJ,GOGODAR,2806,,
GJ,JUNAGARH,KUTIYANA,2804,,
GJ,BHUJ,KHAVDA,2803,,
GJ,JUNAGARH,RANAVAV,2801,,
GJ,AMRELI,DHARI,2797,,
GJ,AMRELI,KUNKAWAV,2796,,
GJ,JUNAGARH,KODINAR,2795,,
GJ,AMRELI,RAJULA,2794,,
GJ,AMRELI,DAMNAGAR,2793,,
GJ,AMRELI,AMRELI,2792,,
GJ,AMRELI,BABRA,2791,,
GJ,HIMATNAGAR,BAYAD,2779,,
GJ,HIMATNAGAR,IDAR,2778,,
GJ,HIMATNAGAR,KHEDBRAHMA,2775,,
GJ,HIMATNAGAR,MODASA,2774,,
GJ,HIMATNAGAR,MALPUR,2773,,
GJ,HIMATNAGAR,HIMATNAGAR,2772,,
GJ,HIMATNAGAR,BHILODA,2771,,
GJ,HIMATNAGAR,PRANTIJ,2770,,
GJ,MEHSANA,SIDHPUR,2767,,
GJ,MEHSANA,PATAN,2766,,
GJ,MEHSANA,VISNAGAR,2765,,
GJ,MEHSANA,KALOL,2764,,
GJ,MEHSANA,VIJAPUR,2763,,
GJ,MEHSANA,MEHSANA,2762,,
GJ,MEHSANA,KHERALU,2761,,
GJ,SURENDRANAGAR,LAKHTAR,2759,,
GJ,SURENDRANAGAR,HALVAD,2758,,
GJ,SURENDRANAGAR,DASADA,2757,,
GJ,SURENDRANAGAR,MULI,2756,,
GJ,SURENDRANAGAR,SAYLA,2755,,
GJ,SURENDRANAGAR,DHRANGADHRA,2754,,
GJ,SURENDRANAGAR,LIMBDI,2753,,
GJ,SURENDRANAGAR,SURENDRANAGAR,2752,,
GJ,SURENDRANAGAR,CHOTILA,2751,,
GJ,PALANPUR,DANTA,2749,,
GJ,PALANPUR,DHANERA,2748,,
GJ,PALANPUR,THARA,2747,,
GJ,PALANPUR,RADHANPUR,2746,,
GJ,PALANPUR,DEESA,2744,,
GJ,PALANPUR,PALANPUR,2742,,
GJ,PALANPUR,VAV,2740,,
GJ,PALANPUR,VADGAM,2739,,
GJ,PALANPUR,SANTALPUR,2738,,
GJ,PALANPUR,THARAD,2737,,
GJ,PALANPUR,DEODAR,2735,,
GJ,MEHSANA,CHANASMA,2734,,
GJ,MEHSANA,HARIJ,2733,,
GJ,AHMEDABAD,BAREJA,2718,,
GJ,AHMEDABAD,SANAND,2717,,
GJ,AHMEDABAD,DEHGAM,2716,,
GJ,AHMEDABAD,VIRAMGAM,2715,,
GJ,AHMEDABAD,DHOLKA,2714,,
GJ,AHMEDABAD,DHANDHUKA,2713,,
GJ,AHMEDABAD,GANDHI NAGAR,2712,,
GJ,AHMEDABAD,BARWALA,2711,,
GJ,NADIAD,THASRA,2699,,
GJ,NADIAD,KHAMBAT,2698,,
GJ,NADIAD,RETLAD,2697,,
GJ,NADIAD,BORSAD,2696,,
GJ,NADIAD,KHEDA,2694,,
GJ,NADIAD,ANAND,2692,,
GJ,NADIAD,KAPAD WANJ,2691,,
GJ,NADIAD,BALASINOR,2690,,
GJ,GODHRA,JHALOD,2679,,
GJ,GODHRA,DEVGADHBARIA,2678,,
GJ,GODHRA,LIMKHEDA,2677,,
GJ,GODHRA,HALOL,2676,,
GJ,GODHRA,SANTRAMPUR,2675,,
GJ,GODHRA,LUNAVADA,2674,,
GJ,GODHRA,DAHOD,2673,,
GJ,GODHRA,GODHRA,2672,,
GJ,GODHRA,SHEHRA,2670,,
GJ,VADODARA,CHHOTA UDAIPUR,2669,,
GJ,VADODARA,WAGHODIA,2668,,
GJ,VADODARA,SAVLI,2667,,
GJ,VADODARA,MIYAGAM,2666,,
GJ,VADODARA,SANKHEDA,2665,,
GJ,VADODARA,PAVIJETPUR,2664,,
GJ,VADODARA,DABHOI,2663,,
GJ,VADODARA,PADRA,2662,,
GJ,VADODARA,NASWADI,2661,,
GJ,BHARUCH,DEDIAPADA,2649,,
GJ,BHARUCH,ANKLESHWAR,2646,,
GJ,BHARUCH,JHAGADIA,2645,,
GJ,BHARUCH,JAMBUSAR,2644,,
GJ,BHARUCH,VALIA,2643,,
GJ,BHARUCH,BHARUCH,2642,,
GJ,BHARUCH,AMOD,2641,,
GJ,BHARUCH,RAJPIPLA,2640,,
GJ,VALSAD,NAVSARI,2637,,
GJ,VALSAD,BILLIMORA,2634,,
GJ,VALSAD,DHARAMPUR,2633,,
GJ,VALSAD,VALSAD,2632,,
GJ,VALSAD,AHWA,2631,,
GJ,VALSAD,BANSADA,2630,,
GJ,SURAT,M.M.MANGROL,2629,,
GJ,SURAT,NIZAR,2628,,
GJ,SURAT,VYARA,2626,,
GJ,SURAT,VALOD,2625,,
GJ,SURAT,FORTSONGADH,2624,,
GJ,SURAT,MANDVI,2623,,
GJ,SURAT,BARDOLI,2622,,
GJ,SURAT,SAYAN,2621,,
MH,KOLHAPUR,BHUDARGAD (GARGOTI),2599,,
MH,NASIK,UMRANE,2598,,
MH,JALGAON,PAROLA,2597,,
MH,JALGAON,PACHORA,2596,,
MH,DHULIA,DHADGAON,2595,,
MH,NASIK,TRIMBAK,2594,,
MH,NASIK,SURGENA,2593,,
MH,NASIK,KALWAN,2592,,
MH,NASIK,MANMAD,2591,,
MH,JALGAON,CHALISGAON,2589,,
MH,JALGAON,ERANDUL,2588,,
MH,JALGAON,AMALNER,2587,,
MH,JALGAON,CHOPDA,2586,,
MH,JALGAON,YAWAL,2585,,
MH,JALGAON,RAVER,2584,,
MH,JALGAON,EDALABAD,2583,,
MH,JALGAON,BHUSAWAL,2582,,
MH,JALGAON,JAMNER,2580,,
MH,DHULIA,NAVAPUR,2569,,
MH,DHULIA,SAKRI,2568,,
MH,DHULIA,TALODA,2567,,
MH,DHULIA,SINDKHEDA,2566,,
MH,DHULIA,SHAHADA,2565,,
MH,DHULIA,NANDURBAR,2564,,
MH,DHULIA,SHIRPUR,2563,,
MH,DHULIA,DHULE,2562,,
MH,DHULIA,PIMPALNER,2561,,
MH,DHULIA,KUSUMBA,2560,,
MH,NASIK,YEOLA,2559,,
MH,NASIK,PEINT,2558,,
MH,NASIK,DINDORI,2557,,
MH,NASIK,CHANWAD,2556,,
MH,NASIK,SATANA,2555,,
MH,NASIK,MALEGAON,2554,,
MH,NASIK,IGATPURI,2553,,
MH,NASIK,NANDGAON,2552,,
MH,NASIK,SINNAR,2551,,
MH,NASIK,NIPHAD,2550,,
MH,KALYAN,MOKHADA,2529,,
MH,KALYAN,DAHANU,2528,,
MH,KALYAN,SHAHAPUR,2527,,
MH,KALYAN,WADA,2526,,
MH,KALYAN,PALGHAR,2525,,
MH,KALYAN,MURBAD,2524,,
MH,KALYAN,BHIWANDI,2522,,
MH,KALYAN,TALASARI,2521,,
MH,KALYAN,JAWAHAR,2520,,
MH,AHMEDNAGAR,KARJAT,2489,,
MH,AHMEDNAGAR,PARNER,2488,,
MH,AHMEDNAGAR,SHRIGONDA,2487,,
MH,JALNA,BHOKARDAN,2485,,
MH,JALNA,PARTUR,2484,,
MH,JALNA,AMBAD,2483,,
MH,JALNA,JALNA,2482,,
MH,JALNA,NER,2481,,
MH,OSMANABAD,BHOOM,2478,,
MH,OSMANABAD,PARANDA,2477,,
MH,OSMANABAD,OMERGA,2475,,
MH,OSMANABAD,KALLAM,2473,,
MH,OSMANABAD,OSMANABAD,2472,,
MH,OSMANABAD,TULJAPUR,2471,,
MH,NANDED,KINWAT,2469,,
MH,NANDED,HADGAON,2468,,
MH,NANDED,BHOKAR,2467,,
MH,NANDED,KANDHAR,2466,,
MH,NANDED,BILLOLI,2465,,
MH,NANDED,DEGLOOR,2463,,
MH,NANDED,NANDED,2462,,
MH,NANDED,MUKHED,2461,,
MH,NANDED,DELHI TANDA,2460,,
MH,PARBHANI,JINTDOR,2457,,
MH,PARBHANI,HINGOLI,2456,,
MH,PARBHANI,KALAMNURI,2455,,
MH,PARBHANI,BASMATNAGAR,2454,,
MH,PARBHANI,GANGAKHED,2453,,
MH,PARBHANI,PARBHANI,2452,,
MH,PARBHANI,PATHARI,2451,,
MH,BHIR,GEVRAI,2447,,
MH,BHIR,AMBEJOGAI,2446,,
MH,BHIR,KAIJ,2445,,
MH,BHIR,PATODA,2444,,
MH,BHIR,MANJALEGAON,2443,,
MH,BHIR,BHIR,2442,,
MH,BHIR,ASHTI,2441,,
MH,AURANGABAD,GOLEGAON,2439,,
MH,AURANGABAD,SOYEGAON,2438,,
MH,AURANGABAD,KHULTABAD,2437,,
MH,AURANGABAD,VIJAPUR,2436,,
MH,AURANGABAD,KANNAD,2435,,
MH,AURANGABAD,GANGAPUR,2433,,
MH,AURANGABAD,AURANGABAD,2432,,
MH,AURANGABAD,PAITHAN,2431,,
MH,AURANGABAD,SILLOD,2430,,
MH,AHMEDNAGAR,SHEVGAON,2429,,
MH,AHMEDNAGAR,PATHARDI,2428,,
MH,AHMEDNAGAR,NEWASA,2427,,
MH,AHMEDNAGAR,RAHURI,2426,,
MH,AHMEDNAGAR,SANGAMNER,2425,,
MH,AHMEDNAGAR,AKOLE,2424,,
MH,AHMEDNAGAR,KOPARAGON,2423,,
MH,AHMEDNAGAR,SHRI RAMPUR,2422,,
MH,AHMEDNAGAR,JAMKHED,2421,,
MH,LATUR,UDGIR,2385,,
MH,LATUR,NILANGA,2384,,
MH,LATUR,AUSA,2383,,
MH,LATUR,LATUR,2382,,
MH,LATUR,AHMEDPUR,2381,,
MH,SATARA,MEDHA,2378,,
MH,SATARA,PUSEGAON,2375,,
MH,SATARA,MAHASWAD,2373,,
MH,SATARA,PATAN,2372,,
MH,SATARA,WATHAR,2371,,
MH,KUDAL,KANKAVALI,2367,,
MH,KUDAL,VENGURLA,2366,,
MH,KUDAL,MALWAN,2365,,
MH,KUDAL,DEOGAD,2364,,
MH,KUDAL,SAWANTWADI,2363,,
MH,KUDAL,KUDAL,2362,,
MH,RATNAGIRI,GUHAGAR,2359,,
MH,RATNAGIRI,DAPOLI,2358,,
MH,RATNAGIRI,MALGUND,2357,,
MH,RATNAGIRI,KHED,2356,,
MH,RATNAGIRI,CHIPLUN,2355,,
MH,RATNAGIRI,SANGANESHWAR (DEORUKH),2354,,
MH,RATNAGIRI,RAJAPUR,2353,,
MH,RATNAGIRI,RATNAGIRI,2352,,
MH,RATNAGIRI,LANGA,2351,,
MH,RATNAGIRI,MADANGAD,2350,,
MH,SANGLI,VITA,2347,,
MH,SANGLI,TASGAON,2346,,
MH,SANGLI,SHIRALA,2345,,
MH,SANGLI,JATH,2344,,
MH,SANGLI,ATPADI,2343,,
MH,SANGLI,ISLAMPUR,2342,,
MH,SANGLI,KAVATHEMANKAL,2341,,
MH,KOLHAPUR,SHAHUWADI (MALAKAPUR),2329,,
MH,KOLHAPUR,PANHALA,2328,,
MH,KOLHAPUR,GADHINGLAJ,2327,,
MH,KOLHAPUR,GAGANBAVADA,2326,,
MH,KOLHAPUR,KAGAL (MURGUD),2325,,
MH,KOLHAPUR,HATKANGALE (ICHALKARANJI),2324,,
MH,KOLHAPUR,AJARA,2323,,
MH,KOLHAPUR,SHIROL (JALSINGPUR),2322,,
MH,KOLHAPUR,RADHANAGAR,2321,,
MH,KOLHAPUR,CHANDGAD,2320,,
MH,PEN,ROHA,2194,,
MH,PEN,KHOPOLI,2192,,
MH,PEN,POLADPUR,2191,,
MH,SHOLAPUR,MOHOL,2189,,
MH,SHOLAPUR,MANGALWEDHA,2188,,
MH,SHOLAPUR,SANGOLA,2187,,
MH,SHOLAPUR,PANDHARPUR,2186,,
MH,SHOLAPUR,MALSURAS,2185,,
MH,SHOLAPUR,BARSI,2184,,
MH,SHOLAPUR,MADHA,2183,,
MH,SHOLAPUR,KARMALA,2182,,
MH,SHOLAPUR,AKKALKOT,2181,,
MH,SATARA,SHIRWAL,2169,,
MH,SATARA,MAHABALESWAR,2168,,
MH,SATARA,WAI,2167,,
MH,SATARA,PHALTAN,2166,,
MH,SATARA,DHIWADI,2165,,
MH,SATARA,KARAD,2164,,
MH,SATARA,KOREGAON,2163,,
MH,SATARA,SATARA,2162,,
MH,SATARA,VADUJ,2161,,
MH,SATARA,SAKARWADI,2160,,
MH,PEN,MAHASALA,2149,,
MH,PEN,KARJAT,2148,,
MH,PEN,SHRIVARDHAN,2147,,
MH,PEN,MAHAD,2145,,
MH,PEN,MURUD,2144,,
MH,PEN,PEN,2143,,
MH,PEN,PALI,2142,,
MH,PEN,ALIBAGH,2141,,
MH,PEN,MANGAON,2140,,
MH,PUNE,PIRANGUT,2139,,
MH,PUNE,SHIRUR,2138,,
MH,PUNE,NAHAVARA,2137,,
MH,PUNE,URLIKANCHAN,2136,,
MH,PUNE,RAJGURUNAGAR,2135,,
MH,PUNE,MANCHAR,2133,,
MH,PUNE,JUNNAR,2132,,
MH,PUNE,VELHE,2130,,
MH,PUNE,KEDGAON,2119,,
MH,PUNE,WALCHANDNAGAR,2118,,
MH,PUNE,DAUND,2117,,
MH,PUNE,SASWAD,2115,,
MH,PUNE,LONAVALA,2114,,
MH,PUNE,BHOR,2113,,
MH,PUNE,BARAMATI,2112,,
MH,PUNE,INDAPUR,2111,,
JK,UDHAMPUR,MAHORE,1999,,
JK,UDHAMPUR,RAMBAN,1998,,
JK,UDHAMPUR,BEDARWAH,1997,,
JK,UDHAMPUR,DODA,1996,,
JK,UDHAMPUR,KISHTWAR,1995,,
JK,UDHAMPUR,UDHAMPUR,1992,,
JK,UDHAMPUR,REASI,1991,,
JK,UDHAMPUR,RAMNAGAR,1990,,
JK,LEH,KARGIL,1985,,
JK,LEH,ZANASKAR,1983,,
JK,LEH,LEH,1982,,
JK,LEH,NYOMA,1981,,
JK,LEH,NOBRA,1980,,
HP,HAMIRPUR,BILASPUR,1978,,
HP,HAMIRPUR,AMB,1976,,
HP,HAMIRPUR,UNA,1975,,
HP,HAMIRPUR,HAMIRPUR,1972,,
HP,KANGRA (DHARAMSALA),DEHRA GOPIPUR,1970,,
JK,RAJOURI,POONCH,1965,,
JK,RAJOURI,KALAKOT,1964,,
JK,RAJOURI,RAJOURI,1962,,
JK,RAJOURI,NOWSHERA,1960,,
JK,SRINAGAR,KARNAH,1958,,
JK,SRINAGAR,BANDIPUR,1957,,
JK,SRINAGAR,URI,1956,,
JK,SRINAGAR,KUPWARA,1955,,
JK,SRINAGAR,SOPORE,1954,,
JK,SRINAGAR,BARAMULLA,1952,,
JK,SRINAGAR,BADGAM,1951,,
JK,SRINAGAR,PAHALGAM,1936,,
JK,SRINAGAR,PULWAMA,1933,,
JK,SRINAGAR,ANANTNAG,1932,,
JK,SRINAGAR,KULGAM,1931,,
JK,JAMMU,AKHNOOR,1924,,
JK,JAMMU,SAMBA,1923,,
JK,JAMMU,KATHUA,1922,,
JK,JAMMU,BASHOLI,1921,,
HP,KULLU,UDAIPUR,1909,,
HP,MANDI,JOGINDERNAGAR,1908,,
HP,MANDI,SUNDERNAGAR,1907,,
HP,KULLU,SPITI (KAZA),1906,,
HP,MANDI,MANDI,1905,,
HP,KULLU,NIRMAND,1904,,
HP,KULLU,BANJAR,1903,,
HP,KULLU,KULLU,1902,,
HP,KULLU,LAHUL (KEYLONG),1900,,
HP,KANGRA (DHARAMSALA),CHAMBA,1899,,
HP,KANDRA (DHARAMSALA),PANGI (KILLAR),1897,,
HP,KANGRA (DHARAMSALA),CHURAH (TISSA),1896,,
HP,KANGRA (DHARAMSALA),BHARMOUR,1895,,
HP,KANGRA (DHARAMSALA),PALAMPUR,1894,,
HP,KANGRA (DHARAMSALA),NURPUR,1893,,
HP,KANGRA (DHARAMSALA),KANGRA (DHARAMSALA),1892,,
PB,ROPAR,NANGAL,1887,,
PB,HOSIARPUR,TANDA URMAR,1886,,
PB,HOSIARPUR,BALACHAUR,1885,,
PB,HOSIARPUR,GARHASHANKER,1884,,
PB,HOSIARPUR,DASUA,1883,,
PB,HOSIARPUR,HOSHIARPUR,1882,,
PB,ROPAR,ROPAR,1881,,
PB,PATHANKOT,DINANAGAR,1875,,
PB,PATHANKOT,GURDASPUR,1874,,
PB,PATHANKOT,QUADIAN,1872,,
PB,PATHANKOT,BATALA,1871,,
PB,PATHANKOT,JUGIAL,1870,,
PB,AMRITSAR,GOINDWAL,1859,,
PB,AMRITSAR,AJNALA,1858,,
PB,AMRITSAR,RAYYA,1853,,
PB,AMRITSAR,TARAN TARAN,1852,,
PB,AMRITSAR,PATTI,1851,,
PB,JALANDHAR,SULTANPUR LODHI,1828,,
PB,JALANDHAR,PHILLAUR,1826,,
PB,JALANDHAR,PHAGWARA,1824,,
PB,JALANDHAR,NAWANSHAHAR,1823,,
PB,JALANDHAR,KAPURTHALA,1822,,
PB,JALANDHAR,NAKODAR,1821,,
HP,SOLAN,RAJGARH,1799,,
HP,SOLAN,ARKI,1796,,
HP,SOLAN,NALAGARH,1795,,
HP,SOLAN,SOLAN,1792,,
HP,SHIMLA,KALPA,1786,,
HP,SHIMLA,POOH,1785,,
HP,SHIMLA,THEOG,1783,,
HP,SHIMLA,RAMPUR BUSHAHAR,1782,,
HP,SHIMLA,ROHRU,1781,,
PB,PATIALA,NABHA,1765,,
PB,PATIALA,SAMANA,1764,,
PB,PATIALA,SARHIND,1763,,
PB,PATIALA,RAJPURA,1762,,
HA,KARNAL,ASSANDH,1749,,
HA,KARNAL,GHARAUNDA,1748,,
HA,KARNAL,KAITHAL,1746,,
HA,KARNAL,NILOKHERI,1745,,
HA,KARNAL,KURUKSHETRA,1744,,
HA,KARNAL,CHEEKA,1743,,
HA,KARNAL,PEHOWA,1741,,
HA,AMBALA,CHAAHARAULI,1735,,
HA,AMBALA,NARAINGARH,1734,,
HA,AMBALA,KALKA,1733,,
HA,AMBALA,JAGADHARI,1732,,
HA,AMBALA,BARARA,1731,,
HP,SOLAN,PAONTA,1704,,
HP,SOLAN,NAHAN,1702,,
HA,HISSAR,ELLENABAD,1698,,
HA,HISSAR,RATIA,1697,,
HA,HISSAR,KALANWALI,1696,,
HA,HISSAR,BARWALA,1693,,
HA,HISSAR,TOHANA,1692,,
HA,JIND,SAFIDON,1686,,
PB,FEROZEPUR,GURUHARSAHAI,1685,,
HA,JIND,NARWANA,1684,,
HA,JIND,JULANA,1683,,
PB,FEROZEPUR,ZIRA,1682,,
HA,JIND,JIND,1681,,
PB,SANGRUR,BARNALA,1679,,
PB,SANGRUR,SUNAM,1676,,
PB,SANGRUR,MALERKOTLA,1675,,
PB,SANGRUR,SANGRUR,1672,,
HA,HISSAR,ADAMPUR MANDI,1669,,
HA,HISSAR,DABWALI,1668,,
HA,HISSAR,FATEHABAD,1667,,
HA,HISSAR,SIRSA,1666,,
HA,ROHTAK,BHIWANI,1664,,
HA,HISSAR,HANSI,1663,,
HA,HISSAR,HISSAR,1662,,
PB,BHATINDA,SARDULGARH,1659,,
PB,BHATINDA,RAMAN,1655,,
PB,BHATINDA,MANSA,1652,,
PB,BHATINDA,PHULMANDI,1651,,
PB,FEROZEPUR,FARIDAKOT,1639,,
PB,FEROZEPUR,FAZILKA,1638,,
PB,FEROZEPUR,MALAUT,1637,,
PB,FEROZEPUR,MOGA,1636,,
PB,FEROZEPUR,KOTKAPURA,1635,,
PB,FEROZEPUR,ABOHAR,1634,,
PB,FEROZEPUR,MUKTASAR,1633,,
PB,FEROZEPUR,FEROZEPUR,1632,,
PB,LUDHIANA,SAMRALA,1628,,
PB,LUDHIANA,JAGRAON,1624,,
RJ,JHUNJHUNU,CHIRAWA,1596,,
RJ,JHUNJHUNU,JHUNJHUNU (N) (BISSAU),1595,,
RJ,JHUNJHUNU,UDAIPURWATI,1594,,
RJ,JHUNJHUNU,KHETRI,1593,,
RJ,JHUNJHUNU,JHUNJHUNU (S),1592,,
RJ,NAGAUR,MERTA (W)  (GOTAN),1591,,
RJ,NAGAUR,MERTA (E)  (MERTA-CITY),1590,,
RJ,NAGAUR,PARBATSAR (S),1589,,
RJ,NAGAUR,PARBATSAR (N) (MAKRANA),1588,,
RJ,NAGAUR,DEGANA,1587,,
RJ,NAGAUR,NAWA (KUCHAMANCITY),1586,,
RJ,NAGAUR,NAGAUR (W) (KHINWSAR),1585,,
RJ,NAGAUR,NAGAUR (E) (MUNDWA MARWAR),1584,,
RJ,NAGAUR,JAYAL,1583,,
RJ,NAGAUR,NAGAUR (N),1582,,
RJ,NAGAUR,LADNUN,1581,,
RJ,NAGAUR,DEEDWANA,1580,,
RJ,SIKAR,DANTARAMGARH (W),1577,,
RJ,SIKAR,DANTARAMGARH (E) (SHYAMJI),1576,,
RJ,SIKAR,SRIMADHOPUR,1575,,
RJ,SIKAR,NEEM KA THANA,1574,,
RJ,SIKAR,LAXMANGARH (E),1573,,
RJ,SIKAR,SIKAR,1572,,
RJ,SIKAR,FATEHPUR,1571,,
RJ,SIKAR,LAXMANGARH (W) (NECHWA),1570,,
RJ,CHURU,SUJANGARH (W) (LALGARH),1569,,
RJ,CHURU,SUJANGARH (E),1568,,
RJ,CHURU,RATANGARH,1567,,
RJ,CHURU,SRIDUNGARGARH (S) (SUDSAR),1566,,
RJ,CHURU,SRIDUNGARGARH (N)-DUNGARGH,1565,,
RJ,CHURU,SARDARSHAHAR (S),1564,,
RJ,CHURU,SARDARSHAHAR (N)-JAITSISAR,1563,,
RJ,CHURU,CHURU,1562,,
RJ,CHURU,TARANAGAR,1561,,
RJ,CHURU,SUJANGARH(C) (BIDASAR),1560,,
RJ,CHURU,RAJGARH,1559,,
RJ,SRIGANGANAGAR,NOHAR (E),1555,,
RJ,SRIGANGANAGAR,HANUMANGARH,1552,,
RJ,SRIGANGANAGAR,TIBBI,1539,,
RJ,SRIGANGANAGAR,NOHAR(C) (RAWATSAR),1537,,
RJ,BIKANER,KOLAYAT-IV (DAITRA),1536,,
RJ,BIKANER,KOLAYAT-III (BAJJU),1535,,
RJ,BIKANER,KOLAYAT-II,1534,,
RJ,BIKANER,KOLAYAT-I (GODDO),1533,,
RJ,BIKANER,NOKHA (W) (NATHUSAR),1532,,
RJ,BIKANER,NOKHA (E),1531,,
RJ,BIKANER,LUNKARANSAR-I (KANHOLI),1529,,
RJ,BIKANER,LUNKARANSAR-IV,1528,,
RJ,BIKANER,LUNKARANSAR-III (RAJASARB),1527,,
RJ,BIKANER,LUNKARANSAR-II (MAHAJAN),1526,,
RJ,BIKANER,BIKANER (W) (POOGAL),1523,,
RJ,BIKANER,BIKANER (E) (JAMSAR),1522,,
RJ,BIKANER,BIKANER(C) (JAIMALSAR),1521,,
RJ,BIKANER,BIKANER (N) (CHHATARGARH),1520,,
RJ,SRIGANGANAGAR,SURATGARH (S),1509,,
RJ,SRIGANGANAGAR,SURATGARH (N) (GOLUWALA),1508,,
RJ,SRIGANGANAGAR,RAISINGHNAGAR,1507,,
RJ,SRIGANGANAGAR,ANUPGARH (W) (GHARSANA),1506,,
RJ,SRIGANGANAGAR,PADAMPUR,1505,,
RJ,SRIGANGANAGAR,BHADRA,1504,,
RJ,SRIGANGANAGAR,SADULSHAHAR,1503,,
RJ,SRIGANGANAGAR,NOHAR (W) (JEDASAR),1502,,
RJ,SRIGANGANAGAR,SRIKARANPUR,1501,,
RJ,SRIGANGANAGAR,SANGARIA,1499,,
RJ,SRIGANGANAGAR,ANUPGARH (E),1498,,
RJ,AJMER,KISHANGARH (N) (ROOPANGARH),1497,,
RJ,AJMER,SARWAR,1496,,
RJ,ALWAR,MANDAWAR,1495,,
RJ,ALWAR,BEHROR,1494,,
RJ,ALWAR,TIJARA (N) (BHIWADI),1493,,
RJ,ALWAR,LAXMANGARH (KHERLI),1492,,
RJ,AJMER,NASIRABAD,1491,,
RJ,BHILWARA,MANDALGARH,1489,,
RJ,BHILWARA,KOTRI,1488,,
RJ,BHILWARA,BANERA,1487,,
RJ,BHILWARA,MANDAL,1486,,
RJ,BHILWARA,JAHAZPUR,1485,,
RJ,BHILWARA,SHAHAPURA,1484,,
RJ,BHILWARA,HURDA (GULABPURA),1483,,
RJ,BHILWARA,BHILWARA,1482,,
RJ,BHILWARA,RAIPUR,1481,,
RJ,BHILWARA,ASIND,1480,,
RJ,CHITTORGARH,PRATAPGARH (S) (ARNOD),1479,,
RJ,CHITTORGARH,PRATAPGARH (N),1478,,
RJ,CHITTORGARH,NIMBAHERA,1477,,
RJ,CHITTORGARH,KAPASAN,1476,,
RJ,CHITTORGARH,BEGUN(S) (RAWATBHATA),1475,,
RJ,CHITTORGARH,BEGUN(N),1474,,
RJ,CHITTORGARH,BARISADRI,1473,,
RJ,CHITTORGARH,CHITTORGARH,1472,,
RJ,CHITTORGARH,RASHMI,1471,,
RJ,CHITTORGARH,DUNGLA,1470,,
RJ,ALWAR,TIJARA (S),1469,,
RJ,ALWAR,RAMGARH,1468,,
RJ,AJMER,KEKRI (E),1467,,
RJ,AJMER,KEKRI (W) (BHINAI),1466,,
RJ,ALWAR,THANAGHAZI,1465,,
RJ,ALWAR,RAJGARH,1464,,
RJ,AJMER,KISHANGARH (S),1463,,
RJ,AJMER,BEAWAR,1462,,
RJ,ALWAR,BANSUR,1461,,
RJ,ALWAR,KISHANGARHBAS (KHAIRTHAL),1460,,
RJ,TONK,NEWAI,1438,,
RJ,TONK,MALPURA,1437,,
RJ,TONK,UNIAYARA,1436,,
RJ,TONK,TONK (N) (PIPLOO),1435,,
RJ,TONK,DEOLI,1434,,
RJ,TONK,TODARAISINGH,1433,,
RJ,TONK,TONK (S),1432,,
RJ,JAIPUR,LALSOT,1431,,
RJ,JAIPUR,PHAGI,1430,,
RJ,JAIPUR,BASSI,1429,,
RJ,JAIPUR,DUDU,1428,,
RJ,JAIPUR,DAUSA,1427,,
RJ,JAIPUR,JAMWA-RAMGARH (ACHROL),1426,,
RJ,JAIPUR,PHULERA (W) (SAMBHAR),1425,,
RJ,JAIPUR,PHULERA (E) (RENWAL),1424,,
RJ,JAIPUR,AMBER (CHOMU),1423,,
RJ,JAIPUR,VIRATNAGAR (SHAHPURA),1422,,
RJ,JAIPUR,KOTPUTLI,1421,,
RJ,JAIPUR,BASWA (BANDIKUI),1420,,
UPW,MUZAFFARNAGAR,KAIRANA (SHAMLI),1398,,
UPW,MUZAFFARNAGAR,JANSATH (KHATAULI),1396,,
UPW,MUZAFFARNAGAR,BUDHANA,1392,,
UPW,KOTDWARA,JOSHIMATH-I,1389,,
UPW,KOTDWARA,LANSDOWN-I,1386,,
UPW,KOTDWARA,LANSDOWN-II (KOTDWARA),1382,,
UPW,KOTDWARA,JOSHIMATH-II (BADRINATH),1381,,
UPW,UTTARKASHI,PARTAPNAGAR,1379,,
UPW,UTTARKASHI,DEOPRAYAG-I,1378,,
UPW,UTTARKASHI,BHATWARI-I (GANGOTRI),1377,,
UPW,UTTARKASHI,TEHRI,1376,,
UPW,UTTARKASHI,RAJGARHI,1375,,
UPW,UTTARKASHI,BHATWARI-I (UTTARKASHI),1374,,
UPW,UTTARKASHI,PUROLA,1373,,
UPW,KOTDWARA,CHAMOLI,1372,,
UPW,UTTARKASHI,DUNDA,1371,,
UPW,UTTARKASHI,DEOPRAYAG-II (JAKHOLI),1370,,
UPW,KOTDWARA,PAURI-I,1368,,
UPW,KOTDWARA,UKHIMATH (GUPTKASHI),1364,,
UPW,KOTDWARA,KARAN PRAYAG,1363,,
UPW,DEHRADUN,CHAKRATA (DAKPATHER),1360,,
UPW,KOTDWARA,LANSDOWN-III (SYUNSI),1348,,
UPW,KOTDWARA,PAURI-II (BUBAKHAL),1346,,
UPW,BIJNORE,BIJNORE-II (CHANDPUR),1345,,
UPW,BIJNORE,DHAMPUR,1344,,
UPW,BIJNORE,NAGINA,1343,,
UPW,BIJNORE,BIJNORE-I,1342,,
UPW,BIJNORE,NAJIBABAD,1341,,
UPW,SAHARANPUR,DEOBAND,1336,,
UPW,SAHARANPUR,ROORKEE-II (HARDWAR),1334,,
UPW,SAHARANPUR,ROORKEE-I,1332,,
UPW,SAHARANPUR,NAKUR (GANGOH),1331,,
HA,NARNAUL,MOHINDERGARH,1285,,
HA,NARNAUL,BAWAL,1284,,
HA,NARNAUL,NARNAUL,1282,,
HA,NARNAUL,JATUSANA,1281,,
HA,ROHTAK,BAHADURGARH,1276,,
HA,GURGAON,PALWAL,1275,,
HA,NARNAUL,REWARI,1274,,
HA,GURGAON,FEROJPUR,1268,,
HA,GURGAON,NUH,1267,,
HA,SONIPAT,GOHANA,1263,,
HA,ROHTAK,ROHTAK,1262,,
HA,NARNAUL,KOSLI,1259,,
HA,ROHTAK,KALANAUR,1258,,
HA,ROHTAK,MEHAM,1257,,
HA,ROHTAK,SIWANI,1255,,
HA,ROHTAK,BAWANIKHERA,1254,,
HA,ROHTAK,TOHSHAM,1253,,
HA,ROHTAK,LOHARU,1252,,
HA,ROHTAK,JHAJJAR,1251,,
HA,ROHTAK,CHARKHIDADRI,1250,,
UPW,MEERUT,SARDHANA,1237,,
UPW,MEERUT,BAGHPAT-II (BARAUT),1234,,
UPW,MEERUT,MAWANA,1233,,
UPW,GHAZIABAD,MODINAGAR,1232,,
AP,VISAKHAPATNAM,VISAKHAPATNAM,891,,
AP,RAJAHMUNDRI,KAKINADA,884,,
AP,RAJAHMUNDRI,RAJAHMUNDRI,883,,
AP,KARIMNAGAR,KARIMNAGAR,878,,
AP,CHITTOOR,TIRUPATHI,877,,
AP,WARANGAL,WARANGAL,870,,
AP,VIJAYAWADA,VIJAYAWADA,866,,
AP,GUNTUR,GUNTUR,863,,
AP,NELLORE,NELLORE,861,,
KT,HUBLI,HUBLI,836,,
MH,PANJI,PANJI,832,,
KT,BELGAUM,BELGAUM,831,,
KT,DAKSHIN KANADA (MANGALORE),MANGALORE,824,,
KT,MYSORE,MYSORE,821,,
KT,DAKSHIN KANADA (MANGALORE),UDUPI,820,,
KT,TUMKUR,TUMKUR,816,,
MP,DURG,DURG,788,,
MP,RAIPUR,RAIPUR,771,,
MP,JABALPUR,JABALPUR,761,,
MP,BHOPAL,BHOPAL,755,,
MP,GWALIOR,GWALIOR,751,,
RJ,BUNDI,BUNDI,747,,
RJ,KOTA,LADPURA  (KOTA),744,,
MP,UJJAIN,UJJAIN,734,,
MP,KHANDWA,KHANDWA,733,,
MP,INDORE,INDORE,731,,
MH,AKOLA,AKOLA,724,,
MH,AMRAVATI,AMRAVATI,721,,
MH,NAGPUR,NAGPUR,712,,
OR,BERHAMPUR,BERHAMPUR,680,,
OR,BHUBANESWAR (PURI),BHUBANESHWAR,674,,
OR,CUTTACK,CUTTACK,671,,
OR,SAMBALPUR,SAMBALPUR,663,,
OR,SUNDARGARH (ROURKELA),ROURKELA,661,,
BR,JAMSHEDPUR,JAMSHEDPUR,657,,
BR,RANCHI,RANCHI,651,,
BR,BHAGALPUR,BHAGALPUR,641,,
BR,GAYA,GAYA,631,,
BR,MUZAFFARPUR,MUZAFFARPUR,621,,
BR,PATNA,PATNA,612,,
UPW,RAMPUR,RAMPUR,595,,
UPW,MORADABAD,MORADABAD,591,,
UPW,BAREILLY,BAREILLY,581,,
UPW,ALIGARH,ALIGARH,571,,
UPW,MATHURA,MATHURA,565,,
UPW,AGRA,AGRA,562,,
UPE,GORAKHPUR,GORAKHPUR,551,,
UPE,GHAZIPUR,GHAZIPUR,548,,
UPE,VARANSI,VARANSI,542,,
UPE,RAIBAREILLY,RAIBARELI,535,,
UPE,ALLAHABAD,ALLAHABAD,532,,
UPE,LUCKNOW,LUCKNOW,522,,
UPE,UNNAO,UNNAO,515,,
UPE,KANPUR,KANPUR,512,,
KL,CANNANORE,CANNANORE,497,,
KL,CALICUT (KOZHIKODE),BADAGARA,496,,
KL,CALICUT (KOZHIKODE),CALICUT,495,,
KL,CALICUT (KOZHIKODE),TIRUR,494,,
KL,PALGHAT,PALGHAT,491,,
KL,CANNANORE,TELLICHERRY,490,,
KL,TRICHUR,TRICHUR,487,,
KL,ERNAKULAM,MUVATTUPUZHA,485,,
KL,ERNAKULAM,ERNAKULAM,484,,
KL,CALICUT (KOZHIKODE),MANJERI,483,,
KL,KOTTAYAM,KOTTAYAM,481,,
KL,TRICHUR,IRINJALAKUDA,480,,
KL,ALLEPPY,MAVELIKKARA,479,,
KL,ALLEPPY,SHERTALLAI,478,,
KL,ALLEPPY,ALLEPPEY,477,,
KL,QUILON,KARUNAGAPALLY,476,,
KL,QUILON,PUNALUR,475,,
KL,QUILON,QUILON,474,,
KL,THIRUVANANTHAPURAM,THIRUVANANTHAPURAM,471,,
KL,THIRUVANANTHAPURAM,ATTINGAL,470,,
KL,TIRUVALLA,TIRUVALLA,469,,
TN,TIRUNELVELLI,TIRUNELVELLI,462,,
TN,TUTICORIN,TUTICORIN,461,,
TN,MADURAI,MADURAI,452,,
TN,MADURAI,DINDIGUL,451,,
TN,THANJAVUR,KUMBAKONAM,435,,
TN,TRICHY,TRICHY,431,,
TN,SALEM,SALEM,427,,
TN,ERODE,ERODE,424,,
TN,OOTY,OOTACAMUND,423,,
TN,COIMBATORE,COIMBATORE,422,,
TN,COIMBATORE,TIRUPUR,421,,
TN,VELLORE,VELLORE,416,,
TN,PONDICHERY,PONDICHERRY,413,,
NE,MIZORAM (AIZWAL),AIZAWAL-I,389,,
NE,MANIPUR (IMPHAL),IMPHAL,385,,
NE,TRIPURA (AGARTALA),AGARTALA,381,,
AS,JORHAT,JORHAT,376,,
AS,TINSUKIA (DIBRUGARH),TINSUKHIA,374,,
AS,TINSUKIA (DIBRUGARH),DIBRUGARH,373,,
NE,MIZORAM (AIZWAL),LUNGLEH,372,,
NE,NAGALAND (KOHIMA),KOHIMA,370,,
NE,NAGALAND (KOHIMA),MOKOKCHUNG,369,,
NE,ARUNACHAL PRADESH (ZERO),PASSIGHAT,368,,
NE,MEGHALAYA (SHILLONG),SHILLONG,364,,
AS,GUWAHATI,GUWAHATI,361,,
NE,ARUNACHAL PRADESH (ZERO),ITANAGAR,360,,
WB,DARJEELING (SILIGURI),DARJEELING,354,,
WB,DARJEELING (SILIGURI),SILIGURI,353,,
WB,ASANSOL,DURGAPUR,343,,
WB,ASANSOL,BURDWAN,342,,
WB,ASANSOL,ASANSOL,341,,
BR,DHANBAD,DHANBAD,326,,
RJ,UDAIPUR,GIRWA (UDAIPUR),294,,
RJ,JODHPUR,JODHPUR (E),291,,
GJ,JAMNAGAR,JAMNAGAR,288,,
GJ,JUNAGARH,PORBANDER,286,,
GJ,JUNAGARH,JUNAGARH,285,,
GJ,RAJKOT,RAJKOT,281,,
GJ,BHAVNAGAR,BHAVNAGAR,278,,
GJ,NADIAD,NADIAD,268,,
GJ,VADODARA,VADODARA,265,,
GJ,SURAT,SURAT,261,,
GJ,VALSAD,VAPI,260,,
MH,JALGAON,JALGAON,257,,
MH,NASIK,NASIKCITY,253,,
MH,KALYAN,KALYAN,251,,
MH,KALYAN,BASSEIN,250,,
MH,AHMEDNAGAR,AHMEDNAGAR,241,,
MH,SANGLI,SANGLI,233,,
MH,KOLHAPUR,KOLHAPUR,231,,
MH,PUNE,KHADAKWASALA,230,,
MH,SHOLAPUR,SHOLAPUR,217,,
BY,MUMBAI,NAVI MUMBAI (TURBHE),215,,
MH,PUNE,CHINCHWAD,212,,
JK,SRINAGAR,SRINAGAR,194,,
JK,JAMMU,JAMMU,191,,
PB,PATHANKOT,PATHANKOT,186,,
HA,KARNAL,KARNAL,184,,
PB,AMRITSAR,AMRITSAR,183,,
PB,JALANDHAR,JALLANDHAR,181,,
HA,KARNAL,PANIPAT,180,,
HP,SHIMLA,SHIMLA,177,,
PB,PATIALA,PATIALA,175,,
PB,CHANDIGARH,CHANDIGARH,172,,
HA,AMBALA,AMBALA,171,,
PB,BHATINDA,BHATINDA,164,,
PB,LUDHIANA,LUDHIANA,161,,
PB,ROPAR,KHARAR,160,,
RJ,SRIGANGANAGAR,SRIGANGANAGAR,154,,
RJ,BIKANER,BIKANER (S),151,,
RJ,AJMER,AJMER,145,,
RJ,ALWAR,ALWAR,144,,
RJ,JAIPUR,JAIPUR,141,,
UPW,DEHRADUN,DEHRADUN,135,,
UPW,SAHARANPUR,SAHARANPUR,132,,
UPW,MUZAFFARNAGAR,MUZAFFAR NAGAR,131,,
HA,SONIPAT,SONIPAT,130,,
HA,GURGAON,FARIDABAD,129,,
HA,GURGAON,GURGAON,124,,
UPW,GHAZIABAD,HAPUR,122,,
UPW,MEERUT,MEERUT,121,,
UPW,GHAZIABAD,GHAZIABAD+DADRI,120,,
KT,BANGALORE,BANGALORE,80,,
GJ,AHMEDABAD,AHEMDABAD LOCAL,79,,
TN,CHENNAI,CHENNAI,44,,
AP,HYDERABAD,HYDERABAD LOC,40,,
WB,KOLKATA,KOLKATA,33,,
BY,MUMBAI,MUMBAI,22,,
MH,PUNE,PUNE,20,,
ND,NEW DELHI,NEW DELHI,11,,